Date,MaxValue,MayorCause,value
2003-01-01,0.0,LateAircraft,4
2003-01-02,0.0,LateAircraft,4
2003-01-03,0.0,LateAircraft,4
2003-01-04,0.0,LateAircraft,4
2003-01-05,0.0,LateAircraft,4
2003-01-06,0.0,LateAircraft,4
2003-01-07,0.0,LateAircraft,4
2003-01-08,0.0,LateAircraft,4
2003-01-09,0.0,LateAircraft,4
2003-01-10,0.0,LateAircraft,4
2003-01-11,0.0,LateAircraft,4
2003-01-12,0.0,LateAircraft,4
2003-01-13,0.0,LateAircraft,4
2003-01-14,0.0,LateAircraft,4
2003-01-15,0.0,LateAircraft,4
2003-01-16,0.0,LateAircraft,4
2003-01-17,0.0,LateAircraft,4
2003-01-18,0.0,LateAircraft,4
2003-01-19,0.0,LateAircraft,4
2003-01-20,0.0,LateAircraft,4
2003-01-21,0.0,LateAircraft,4
2003-01-22,0.0,LateAircraft,4
2003-01-23,0.0,LateAircraft,4
2003-01-24,0.0,LateAircraft,4
2003-01-25,0.0,LateAircraft,4
2003-01-26,0.0,LateAircraft,4
2003-01-27,0.0,LateAircraft,4
2003-01-28,0.0,LateAircraft,4
2003-01-29,0.0,LateAircraft,4
2003-01-30,0.0,LateAircraft,4
2003-01-31,0.0,LateAircraft,4
2003-02-01,0.0,LateAircraft,4
2003-02-02,0.0,LateAircraft,4
2003-02-03,0.0,LateAircraft,4
2003-02-04,0.0,LateAircraft,4
2003-02-05,0.0,LateAircraft,4
2003-02-06,0.0,LateAircraft,4
2003-02-07,0.0,LateAircraft,4
2003-02-08,0.0,LateAircraft,4
2003-02-09,0.0,LateAircraft,4
2003-02-10,0.0,LateAircraft,4
2003-02-11,0.0,LateAircraft,4
2003-02-12,0.0,LateAircraft,4
2003-02-13,0.0,LateAircraft,4
2003-02-14,0.0,LateAircraft,4
2003-02-15,0.0,LateAircraft,4
2003-02-16,0.0,LateAircraft,4
2003-02-17,0.0,LateAircraft,4
2003-02-18,0.0,LateAircraft,4
2003-02-19,0.0,LateAircraft,4
2003-02-20,0.0,LateAircraft,4
2003-02-21,0.0,LateAircraft,4
2003-02-22,0.0,LateAircraft,4
2003-02-23,0.0,LateAircraft,4
2003-02-24,0.0,LateAircraft,4
2003-02-25,0.0,LateAircraft,4
2003-02-26,0.0,LateAircraft,4
2003-02-27,0.0,LateAircraft,4
2003-02-28,0.0,LateAircraft,4
2003-03-01,0.0,LateAircraft,4
2003-03-02,0.0,LateAircraft,4
2003-03-03,0.0,LateAircraft,4
2003-03-04,0.0,LateAircraft,4
2003-03-05,0.0,LateAircraft,4
2003-03-06,0.0,LateAircraft,4
2003-03-07,0.0,LateAircraft,4
2003-03-08,0.0,LateAircraft,4
2003-03-09,0.0,LateAircraft,4
2003-03-10,0.0,LateAircraft,4
2003-03-11,0.0,LateAircraft,4
2003-03-12,0.0,LateAircraft,4
2003-03-13,0.0,LateAircraft,4
2003-03-14,0.0,LateAircraft,4
2003-03-15,0.0,LateAircraft,4
2003-03-16,0.0,LateAircraft,4
2003-03-17,0.0,LateAircraft,4
2003-03-18,0.0,LateAircraft,4
2003-03-19,0.0,LateAircraft,4
2003-03-20,0.0,LateAircraft,4
2003-03-21,0.0,LateAircraft,4
2003-03-22,0.0,LateAircraft,4
2003-03-23,0.0,LateAircraft,4
2003-03-24,0.0,LateAircraft,4
2003-03-25,0.0,LateAircraft,4
2003-03-26,0.0,LateAircraft,4
2003-03-27,0.0,LateAircraft,4
2003-03-28,0.0,LateAircraft,4
2003-03-29,0.0,LateAircraft,4
2003-03-30,0.0,LateAircraft,4
2003-03-31,0.0,LateAircraft,4
2003-04-01,0.0,LateAircraft,4
2003-04-02,0.0,LateAircraft,4
2003-04-03,0.0,LateAircraft,4
2003-04-04,0.0,LateAircraft,4
2003-04-05,0.0,LateAircraft,4
2003-04-06,0.0,LateAircraft,4
2003-04-07,0.0,LateAircraft,4
2003-04-08,0.0,LateAircraft,4
2003-04-09,0.0,LateAircraft,4
2003-04-10,0.0,LateAircraft,4
2003-04-11,0.0,LateAircraft,4
2003-04-12,0.0,LateAircraft,4
2003-04-13,0.0,LateAircraft,4
2003-04-14,0.0,LateAircraft,4
2003-04-15,0.0,LateAircraft,4
2003-04-16,0.0,LateAircraft,4
2003-04-17,0.0,LateAircraft,4
2003-04-18,0.0,LateAircraft,4
2003-04-19,0.0,LateAircraft,4
2003-04-20,0.0,LateAircraft,4
2003-04-21,0.0,LateAircraft,4
2003-04-22,0.0,LateAircraft,4
2003-04-23,0.0,LateAircraft,4
2003-04-24,0.0,LateAircraft,4
2003-04-25,0.0,LateAircraft,4
2003-04-26,0.0,LateAircraft,4
2003-04-27,0.0,LateAircraft,4
2003-04-28,0.0,LateAircraft,4
2003-04-29,0.0,LateAircraft,4
2003-04-30,0.0,LateAircraft,4
2003-05-01,0.0,LateAircraft,4
2003-05-02,0.0,LateAircraft,4
2003-05-03,0.0,LateAircraft,4
2003-05-04,0.0,LateAircraft,4
2003-05-05,0.0,LateAircraft,4
2003-05-06,0.0,LateAircraft,4
2003-05-07,0.0,LateAircraft,4
2003-05-08,0.0,LateAircraft,4
2003-05-09,0.0,LateAircraft,4
2003-05-10,0.0,LateAircraft,4
2003-05-11,0.0,LateAircraft,4
2003-05-12,0.0,LateAircraft,4
2003-05-13,0.0,LateAircraft,4
2003-05-14,0.0,LateAircraft,4
2003-05-15,0.0,LateAircraft,4
2003-05-16,0.0,LateAircraft,4
2003-05-17,0.0,LateAircraft,4
2003-05-18,0.0,LateAircraft,4
2003-05-19,0.0,LateAircraft,4
2003-05-20,0.0,LateAircraft,4
2003-05-21,0.0,LateAircraft,4
2003-05-22,0.0,LateAircraft,4
2003-05-23,0.0,LateAircraft,4
2003-05-24,0.0,LateAircraft,4
2003-05-25,0.0,LateAircraft,4
2003-05-26,0.0,LateAircraft,4
2003-05-27,0.0,LateAircraft,4
2003-05-28,0.0,LateAircraft,4
2003-05-29,0.0,LateAircraft,4
2003-05-30,0.0,LateAircraft,4
2003-05-31,0.0,LateAircraft,4
2003-06-01,35200.0,Carrier,1
2003-06-02,27437.0,Carrier,1
2003-06-03,26596.0,Carrier,1
2003-06-04,43817.0,NAS,2
2003-06-05,68989.0,LateAircraft,4
2003-06-06,35127.0,NAS,2
2003-06-07,41948.0,Carrier,1
2003-06-08,66725.0,NAS,2
2003-06-09,33230.0,Carrier,1
2003-06-10,31401.0,Carrier,1
2003-06-11,71777.0,NAS,2
2003-06-12,150813.0,NAS,2
2003-06-13,130616.0,NAS,2
2003-06-14,47618.0,NAS,2
2003-06-15,37209.0,Carrier,1
2003-06-16,69065.0,LateAircraft,4
2003-06-17,39138.0,Carrier,1
2003-06-18,77230.0,NAS,2
2003-06-19,63053.0,NAS,2
2003-06-20,57883.0,LateAircraft,4
2003-06-21,35156.0,Carrier,1
2003-06-22,45480.0,Carrier,1
2003-06-23,36465.0,Carrier,1
2003-06-24,35191.0,Carrier,1
2003-06-25,64669.0,NAS,2
2003-06-26,49419.0,LateAircraft,4
2003-06-27,47948.0,Carrier,1
2003-06-28,53441.0,NAS,2
2003-06-29,38950.0,Carrier,1
2003-06-30,37770.0,LateAircraft,4
2003-07-01,37994.0,Carrier,1
2003-07-02,47832.0,LateAircraft,4
2003-07-03,44965.0,Carrier,1
2003-07-04,25305.0,Carrier,1
2003-07-05,30354.0,Carrier,1
2003-07-06,115610.0,NAS,2
2003-07-07,146086.0,LateAircraft,4
2003-07-08,127990.0,NAS,2
2003-07-09,123735.0,NAS,2
2003-07-10,116219.0,NAS,2
2003-07-11,92907.0,NAS,2
2003-07-12,37965.0,Carrier,1
2003-07-13,41993.0,Carrier,1
2003-07-14,46176.0,NAS,2
2003-07-15,60364.0,NAS,2
2003-07-16,51828.0,Carrier,1
2003-07-17,63349.0,NAS,2
2003-07-18,82508.0,LateAircraft,4
2003-07-19,38169.0,Carrier,1
2003-07-20,37665.0,Carrier,1
2003-07-21,133089.0,NAS,2
2003-07-22,164574.0,NAS,2
2003-07-23,64297.0,LateAircraft,4
2003-07-24,54766.0,LateAircraft,4
2003-07-25,55112.0,LateAircraft,4
2003-07-26,28551.0,Carrier,1
2003-07-27,101525.0,LateAircraft,4
2003-07-28,42079.0,Carrier,1
2003-07-29,40383.0,Carrier,1
2003-07-30,36471.0,Carrier,1
2003-07-31,99268.0,LateAircraft,4
2003-08-01,154497.0,NAS,2
2003-08-02,75979.0,Carrier,1
2003-08-03,156515.0,NAS,2
2003-08-04,138515.0,LateAircraft,4
2003-08-05,85320.0,NAS,2
2003-08-06,59450.0,NAS,2
2003-08-07,47263.0,Carrier,1
2003-08-08,59161.0,LateAircraft,4
2003-08-09,57265.0,LateAircraft,4
2003-08-10,54070.0,LateAircraft,4
2003-08-11,122573.0,NAS,2
2003-08-12,56352.0,NAS,2
2003-08-13,64320.0,NAS,2
2003-08-14,53633.0,Carrier,1
2003-08-15,67879.0,Carrier,1
2003-08-16,96095.0,NAS,2
2003-08-17,74660.0,NAS,2
2003-08-18,41508.0,Carrier,1
2003-08-19,32850.0,Carrier,1
2003-08-20,34169.0,NAS,2
2003-08-21,38379.0,NAS,2
2003-08-22,92244.0,NAS,2
2003-08-23,32644.0,Carrier,1
2003-08-24,33106.0,Carrier,1
2003-08-25,28899.0,Carrier,1
2003-08-26,112262.0,NAS,2
2003-08-27,74984.0,NAS,2
2003-08-28,69867.0,NAS,2
2003-08-29,137082.0,NAS,2
2003-08-30,33403.0,NAS,2
2003-08-31,21600.0,Carrier,1
2003-09-01,48603.0,NAS,2
2003-09-02,38856.0,NAS,2
2003-09-03,56955.0,NAS,2
2003-09-04,98538.0,NAS,2
2003-09-05,32492.0,NAS,2
2003-09-06,16989.0,Carrier,1
2003-09-07,27491.0,Carrier,1
2003-09-08,25227.0,NAS,2
2003-09-09,29370.0,NAS,2
2003-09-10,45908.0,NAS,2
2003-09-11,90137.0,NAS,2
2003-09-12,65966.0,NAS,2
2003-09-13,19594.0,Carrier,1
2003-09-14,86228.0,NAS,2
2003-09-15,104909.0,NAS,2
2003-09-16,27273.0,NAS,2
2003-09-17,27233.0,NAS,2
2003-09-18,80611.0,NAS,2
2003-09-19,28285.0,Carrier,1
2003-09-20,18313.0,Carrier,1
2003-09-21,35414.0,Carrier,1
2003-09-22,54847.0,NAS,2
2003-09-23,53748.0,NAS,2
2003-09-24,52281.0,NAS,2
2003-09-25,27581.0,Carrier,1
2003-09-26,67810.0,NAS,2
2003-09-27,29433.0,NAS,2
2003-09-28,35716.0,Carrier,1
2003-09-29,20105.0,Carrier,1
2003-09-30,29629.0,NAS,2
2003-10-01,40054.0,NAS,2
2003-10-02,26557.0,Carrier,1
2003-10-03,30542.0,NAS,2
2003-10-04,17153.0,Carrier,1
2003-10-05,29508.0,Carrier,1
2003-10-06,24022.0,Carrier,1
2003-10-07,26157.0,NAS,2
2003-10-08,29237.0,NAS,2
2003-10-09,44369.0,LateAircraft,4
2003-10-10,51193.0,LateAircraft,4
2003-10-11,24274.0,Carrier,1
2003-10-12,29391.0,Carrier,1
2003-10-13,24789.0,Carrier,1
2003-10-14,85089.0,NAS,2
2003-10-15,58346.0,NAS,2
2003-10-16,30362.0,Carrier,1
2003-10-17,32058.0,Carrier,1
2003-10-18,24764.0,Carrier,1
2003-10-19,33726.0,Carrier,1
2003-10-20,26335.0,Carrier,1
2003-10-21,26419.0,NAS,2
2003-10-22,25512.0,Carrier,1
2003-10-23,25464.0,Carrier,1
2003-10-24,31637.0,LateAircraft,4
2003-10-25,22232.0,Carrier,1
2003-10-26,121142.0,NAS,2
2003-10-27,115854.0,NAS,2
2003-10-28,31325.0,NAS,2
2003-10-29,42378.0,NAS,2
2003-10-30,52930.0,NAS,2
2003-10-31,38897.0,NAS,2
2003-11-01,28952.0,Carrier,1
2003-11-02,56236.0,NAS,2
2003-11-03,107570.0,NAS,2
2003-11-04,101582.0,NAS,2
2003-11-05,113520.0,NAS,2
2003-11-06,57367.0,NAS,2
2003-11-07,44561.0,NAS,2
2003-11-08,28404.0,NAS,2
2003-11-09,36297.0,Carrier,1
2003-11-10,32358.0,NAS,2
2003-11-11,53706.0,NAS,2
2003-11-12,149198.0,NAS,2
2003-11-13,100182.0,NAS,2
2003-11-14,55774.0,NAS,2
2003-11-15,23481.0,NAS,2
2003-11-16,98215.0,LateAircraft,4
2003-11-17,156391.0,NAS,2
2003-11-18,74728.0,NAS,2
2003-11-19,85802.0,NAS,2
2003-11-20,62046.0,NAS,2
2003-11-21,40459.0,NAS,2
2003-11-22,57589.0,NAS,2
2003-11-23,76491.0,NAS,2
2003-11-24,68444.0,NAS,2
2003-11-25,43104.0,NAS,2
2003-11-26,33505.0,NAS,2
2003-11-27,16428.0,Carrier,1
2003-11-28,45968.0,NAS,2
2003-11-29,39758.0,NAS,2
2003-11-30,69614.0,NAS,2
2003-12-01,97791.0,NAS,2
2003-12-02,50619.0,NAS,2
2003-12-03,37440.0,NAS,2
2003-12-04,98609.0,NAS,2
2003-12-05,193570.0,NAS,2
2003-12-06,45000.0,NAS,2
2003-12-07,40841.0,Carrier,1
2003-12-08,54627.0,LateAircraft,4
2003-12-09,120624.0,NAS,2
2003-12-10,128683.0,NAS,2
2003-12-11,84576.0,NAS,2
2003-12-12,46182.0,LateAircraft,4
2003-12-13,62079.0,NAS,2
2003-12-14,135720.0,NAS,2
2003-12-15,111481.0,NAS,2
2003-12-16,47891.0,NAS,2
2003-12-17,100803.0,NAS,2
2003-12-18,70429.0,NAS,2
2003-12-19,116744.0,LateAircraft,4
2003-12-20,65179.0,Carrier,1
2003-12-21,53880.0,Carrier,1
2003-12-22,43311.0,Carrier,1
2003-12-23,69389.0,NAS,2
2003-12-24,43492.0,Carrier,1
2003-12-25,51472.0,Carrier,1
2003-12-26,75278.0,LateAircraft,4
2003-12-27,53364.0,Carrier,1
2003-12-28,63001.0,Carrier,1
2003-12-29,70983.0,LateAircraft,4
2003-12-30,64697.0,LateAircraft,4
2003-12-31,35499.0,Carrier,1
2004-01-01,39376.0,Carrier,1
2004-01-02,137934.0,LateAircraft,4
2004-01-03,103117.0,Carrier,1
2004-01-04,179934.0,NAS,2
2004-01-05,198342.0,LateAircraft,4
2004-01-06,103294.0,LateAircraft,4
2004-01-07,58997.0,Carrier,1
2004-01-08,43387.0,Carrier,1
2004-01-09,71592.0,NAS,2
2004-01-10,45381.0,Carrier,1
2004-01-11,45273.0,Carrier,1
2004-01-12,44388.0,NAS,2
2004-01-13,30573.0,Carrier,1
2004-01-14,75764.0,NAS,2
2004-01-15,73082.0,NAS,2
2004-01-16,71857.0,LateAircraft,4
2004-01-17,77879.0,NAS,2
2004-01-18,81229.0,NAS,2
2004-01-19,40341.0,Carrier,1
2004-01-20,31612.0,Carrier,1
2004-01-21,35844.0,NAS,2
2004-01-22,40178.0,NAS,2
2004-01-23,104600.0,NAS,2
2004-01-24,52508.0,NAS,2
2004-01-25,114468.0,NAS,2
2004-01-26,185458.0,NAS,2
2004-01-27,130129.0,NAS,2
2004-01-28,68539.0,NAS,2
2004-01-29,100910.0,NAS,2
2004-01-30,58124.0,Carrier,1
2004-01-31,41503.0,Carrier,1
2004-02-01,50581.0,NAS,2
2004-02-02,134963.0,NAS,2
2004-02-03,86143.0,NAS,2
2004-02-04,74082.0,NAS,2
2004-02-05,137313.0,NAS,2
2004-02-06,160680.0,NAS,2
2004-02-07,54723.0,NAS,2
2004-02-08,43721.0,NAS,2
2004-02-09,48945.0,NAS,2
2004-02-10,68338.0,NAS,2
2004-02-11,44182.0,NAS,2
2004-02-12,83907.0,NAS,2
2004-02-13,57619.0,Carrier,1
2004-02-14,65541.0,NAS,2
2004-02-15,56865.0,LateAircraft,4
2004-02-16,60801.0,NAS,2
2004-02-17,55695.0,NAS,2
2004-02-18,33005.0,NAS,2
2004-02-19,32442.0,Carrier,1
2004-02-20,83485.0,NAS,2
2004-02-21,45290.0,LateAircraft,4
2004-02-22,88658.0,LateAircraft,4
2004-02-23,106601.0,LateAircraft,4
2004-02-24,113680.0,NAS,2
2004-02-25,87052.0,NAS,2
2004-02-26,89215.0,NAS,2
2004-02-27,54663.0,LateAircraft,4
2004-02-28,31068.0,NAS,2
2004-02-29,46799.0,LateAircraft,4
2004-03-01,81360.0,NAS,2
2004-03-02,36517.0,NAS,2
2004-03-03,36256.0,NAS,2
2004-03-04,125602.0,NAS,2
2004-03-05,130886.0,NAS,2
2004-03-06,49561.0,Carrier,1
2004-03-07,64808.0,NAS,2
2004-03-08,40938.0,Carrier,1
2004-03-09,31705.0,NAS,2
2004-03-10,37013.0,NAS,2
2004-03-11,65058.0,NAS,2
2004-03-12,60117.0,NAS,2
2004-03-13,32492.0,Carrier,1
2004-03-14,77417.0,LateAircraft,4
2004-03-15,38155.0,Carrier,1
2004-03-16,137528.0,NAS,2
2004-03-17,114894.0,LateAircraft,4
2004-03-18,116735.0,LateAircraft,4
2004-03-19,51617.0,LateAircraft,4
2004-03-20,44535.0,LateAircraft,4
2004-03-21,54755.0,Carrier,1
2004-03-22,39870.0,Carrier,1
2004-03-23,24376.0,Carrier,1
2004-03-24,48583.0,NAS,2
2004-03-25,73300.0,NAS,2
2004-03-26,46373.0,Carrier,1
2004-03-27,41584.0,NAS,2
2004-03-28,69286.0,NAS,2
2004-03-29,34035.0,Carrier,1
2004-03-30,35590.0,NAS,2
2004-03-31,80909.0,NAS,2
2004-04-01,87004.0,NAS,2
2004-04-02,93652.0,LateAircraft,4
2004-04-03,47038.0,NAS,2
2004-04-04,60588.0,Carrier,1
2004-04-05,38611.0,NAS,2
2004-04-06,26732.0,NAS,2
2004-04-07,28678.0,Carrier,1
2004-04-08,60040.0,NAS,2
2004-04-09,35364.0,Carrier,1
2004-04-10,26669.0,Carrier,1
2004-04-11,35800.0,Carrier,1
2004-04-12,98270.0,NAS,2
2004-04-13,142860.0,NAS,2
2004-04-14,55219.0,NAS,2
2004-04-15,35082.0,Carrier,1
2004-04-16,36034.0,Carrier,1
2004-04-17,31960.0,Carrier,1
2004-04-18,61493.0,NAS,2
2004-04-19,52085.0,NAS,2
2004-04-20,53989.0,NAS,2
2004-04-21,45049.0,NAS,2
2004-04-22,34411.0,Carrier,1
2004-04-23,58864.0,NAS,2
2004-04-24,32396.0,LateAircraft,4
2004-04-25,63045.0,LateAircraft,4
2004-04-26,71959.0,NAS,2
2004-04-27,27172.0,Carrier,1
2004-04-28,64079.0,NAS,2
2004-04-29,51187.0,NAS,2
2004-04-30,71973.0,NAS,2
2004-05-01,72299.0,Carrier,1
2004-05-02,74110.0,NAS,2
2004-05-03,59884.0,NAS,2
2004-05-04,28670.0,Carrier,1
2004-05-05,25408.0,Carrier,1
2004-05-06,30162.0,Carrier,1
2004-05-07,107998.0,LateAircraft,4
2004-05-08,23617.0,Carrier,1
2004-05-09,97535.0,NAS,2
2004-05-10,91002.0,NAS,2
2004-05-11,86772.0,NAS,2
2004-05-12,165234.0,NAS,2
2004-05-13,196157.0,NAS,2
2004-05-14,140545.0,LateAircraft,4
2004-05-15,36705.0,Carrier,1
2004-05-16,46520.0,Carrier,1
2004-05-17,163596.0,NAS,2
2004-05-18,138514.0,NAS,2
2004-05-19,52245.0,NAS,2
2004-05-20,50710.0,Carrier,1
2004-05-21,188550.0,NAS,2
2004-05-22,63595.0,LateAircraft,4
2004-05-23,104979.0,NAS,2
2004-05-24,106491.0,NAS,2
2004-05-25,56527.0,NAS,2
2004-05-26,117075.0,NAS,2
2004-05-27,83155.0,NAS,2
2004-05-28,79529.0,NAS,2
2004-05-29,35259.0,Carrier,1
2004-05-30,110244.0,NAS,2
2004-05-31,169147.0,LateAircraft,4
2004-06-01,93289.0,NAS,2
2004-06-02,77802.0,NAS,2
2004-06-03,47828.0,Carrier,1
2004-06-04,56664.0,LateAircraft,4
2004-06-05,42600.0,Carrier,1
2004-06-06,54763.0,Carrier,1
2004-06-07,69529.0,NAS,2
2004-06-08,80384.0,NAS,2
2004-06-09,167375.0,NAS,2
2004-06-10,137638.0,NAS,2
2004-06-11,81373.0,LateAircraft,4
2004-06-12,52603.0,Carrier,1
2004-06-13,118154.0,NAS,2
2004-06-14,153408.0,LateAircraft,4
2004-06-15,141002.0,NAS,2
2004-06-16,130328.0,NAS,2
2004-06-17,206392.0,NAS,2
2004-06-18,118006.0,LateAircraft,4
2004-06-19,63536.0,LateAircraft,4
2004-06-20,60447.0,Carrier,1
2004-06-21,178961.0,LateAircraft,4
2004-06-22,116291.0,NAS,2
2004-06-23,91196.0,NAS,2
2004-06-24,85496.0,LateAircraft,4
2004-06-25,201655.0,LateAircraft,4
2004-06-26,79914.0,LateAircraft,4
2004-06-27,112473.0,LateAircraft,4
2004-06-28,118093.0,LateAircraft,4
2004-06-29,89405.0,LateAircraft,4
2004-06-30,80905.0,LateAircraft,4
2004-07-01,98201.0,LateAircraft,4
2004-07-02,72277.0,LateAircraft,4
2004-07-03,82792.0,NAS,2
2004-07-04,29605.0,Carrier,1
2004-07-05,54701.0,NAS,2
2004-07-06,73607.0,NAS,2
2004-07-07,134773.0,NAS,2
2004-07-08,65849.0,Carrier,1
2004-07-09,109516.0,LateAircraft,4
2004-07-10,47797.0,Carrier,1
2004-07-11,81818.0,LateAircraft,4
2004-07-12,176642.0,LateAircraft,4
2004-07-13,90253.0,NAS,2
2004-07-14,214260.0,NAS,2
2004-07-15,70353.0,Carrier,1
2004-07-16,121944.0,LateAircraft,4
2004-07-17,57861.0,Carrier,1
2004-07-18,83598.0,LateAircraft,4
2004-07-19,56202.0,LateAircraft,4
2004-07-20,38207.0,Carrier,1
2004-07-21,88992.0,NAS,2
2004-07-22,166871.0,LateAircraft,4
2004-07-23,170166.0,LateAircraft,4
2004-07-24,55792.0,Carrier,1
2004-07-25,91365.0,LateAircraft,4
2004-07-26,61933.0,Carrier,1
2004-07-27,131266.0,NAS,2
2004-07-28,102562.0,NAS,2
2004-07-29,112466.0,LateAircraft,4
2004-07-30,92972.0,LateAircraft,4
2004-07-31,69113.0,LateAircraft,4
2004-08-01,343963.0,LateAircraft,4
2004-08-02,169810.0,LateAircraft,4
2004-08-03,52539.0,Carrier,1
2004-08-04,123478.0,NAS,2
2004-08-05,78575.0,LateAircraft,4
2004-08-06,46293.0,Carrier,1
2004-08-07,41953.0,Carrier,1
2004-08-08,48373.0,Carrier,1
2004-08-09,46040.0,Carrier,1
2004-08-10,67184.0,NAS,2
2004-08-11,146214.0,NAS,2
2004-08-12,145848.0,LateAircraft,4
2004-08-13,58585.0,LateAircraft,4
2004-08-14,43532.0,Carrier,1
2004-08-15,55420.0,LateAircraft,4
2004-08-16,69445.0,LateAircraft,4
2004-08-17,46798.0,NAS,2
2004-08-18,68571.0,NAS,2
2004-08-19,155624.0,LateAircraft,4
2004-08-20,103378.0,NAS,2
2004-08-21,85770.0,LateAircraft,4
2004-08-22,58170.0,LateAircraft,4
2004-08-23,42494.0,Carrier,1
2004-08-24,103600.0,NAS,2
2004-08-25,120192.0,NAS,2
2004-08-26,46431.0,Carrier,1
2004-08-27,42132.0,NAS,2
2004-08-28,84120.0,NAS,2
2004-08-29,61933.0,NAS,2
2004-08-30,92579.0,NAS,2
2004-08-31,35192.0,Carrier,1
2004-09-01,31522.0,Carrier,1
2004-09-02,55970.0,NAS,2
2004-09-03,47366.0,Carrier,1
2004-09-04,24333.0,Carrier,1
2004-09-05,20693.0,Carrier,1
2004-09-06,47353.0,NAS,2
2004-09-07,60002.0,NAS,2
2004-09-08,71106.0,NAS,2
2004-09-09,66131.0,NAS,2
2004-09-10,33642.0,Carrier,1
2004-09-11,22131.0,Carrier,1
2004-09-12,33715.0,Carrier,1
2004-09-13,28945.0,Carrier,1
2004-09-14,95525.0,NAS,2
2004-09-15,87827.0,NAS,2
2004-09-16,64699.0,NAS,2
2004-09-17,90521.0,LateAircraft,4
2004-09-18,70590.0,NAS,2
2004-09-19,51329.0,LateAircraft,4
2004-09-20,36640.0,Carrier,1
2004-09-21,19206.0,Carrier,1
2004-09-22,25774.0,Carrier,1
2004-09-23,34805.0,Carrier,1
2004-09-24,35743.0,Carrier,1
2004-09-25,23301.0,Carrier,1
2004-09-26,25337.0,Carrier,1
2004-09-27,58113.0,NAS,2
2004-09-28,115122.0,NAS,2
2004-09-29,36005.0,NAS,2
2004-09-30,46469.0,NAS,2
2004-10-01,48111.0,LateAircraft,4
2004-10-02,29500.0,Carrier,1
2004-10-03,45327.0,Carrier,1
2004-10-04,122126.0,LateAircraft,4
2004-10-05,27191.0,Carrier,1
2004-10-06,27488.0,Carrier,1
2004-10-07,45572.0,LateAircraft,4
2004-10-08,90474.0,LateAircraft,4
2004-10-09,32908.0,Carrier,1
2004-10-10,33923.0,Carrier,1
2004-10-11,30498.0,Carrier,1
2004-10-12,27390.0,Carrier,1
2004-10-13,29216.0,NAS,2
2004-10-14,55286.0,LateAircraft,4
2004-10-15,80743.0,LateAircraft,4
2004-10-16,34636.0,Carrier,1
2004-10-17,59885.0,Carrier,1
2004-10-18,94325.0,NAS,2
2004-10-19,137497.0,NAS,2
2004-10-20,86755.0,LateAircraft,4
2004-10-21,90835.0,LateAircraft,4
2004-10-22,86124.0,LateAircraft,4
2004-10-23,42464.0,NAS,2
2004-10-24,55179.0,LateAircraft,4
2004-10-25,52808.0,LateAircraft,4
2004-10-26,30671.0,NAS,2
2004-10-27,59763.0,LateAircraft,4
2004-10-28,85351.0,NAS,2
2004-10-29,80332.0,LateAircraft,4
2004-10-30,63005.0,NAS,2
2004-10-31,43944.0,Carrier,1
2004-11-01,82444.0,NAS,2
2004-11-02,63518.0,NAS,2
2004-11-03,38160.0,Carrier,1
2004-11-04,93033.0,NAS,2
2004-11-05,53677.0,LateAircraft,4
2004-11-06,24298.0,Carrier,1
2004-11-07,58409.0,LateAircraft,4
2004-11-08,34236.0,Carrier,1
2004-11-09,24614.0,Carrier,1
2004-11-10,32903.0,Carrier,1
2004-11-11,81635.0,NAS,2
2004-11-12,85110.0,NAS,2
2004-11-13,37080.0,Carrier,1
2004-11-14,47760.0,Carrier,1
2004-11-15,43659.0,Carrier,1
2004-11-16,30364.0,Carrier,1
2004-11-17,43793.0,NAS,2
2004-11-18,40699.0,Carrier,1
2004-11-19,72845.0,LateAircraft,4
2004-11-20,41821.0,Carrier,1
2004-11-21,110001.0,LateAircraft,4
2004-11-22,145955.0,LateAircraft,4
2004-11-23,187619.0,LateAircraft,4
2004-11-24,280368.0,LateAircraft,4
2004-11-25,51183.0,Carrier,1
2004-11-26,25325.0,Carrier,1
2004-11-27,65995.0,NAS,2
2004-11-28,126560.0,LateAircraft,4
2004-11-29,83323.0,LateAircraft,4
2004-11-30,79944.0,NAS,2
2004-12-01,95167.0,NAS,2
2004-12-02,40020.0,Carrier,1
2004-12-03,31131.0,Carrier,1
2004-12-04,24811.0,Carrier,1
2004-12-05,41141.0,LateAircraft,4
2004-12-06,181821.0,NAS,2
2004-12-07,132066.0,NAS,2
2004-12-08,39690.0,Carrier,1
2004-12-09,101940.0,NAS,2
2004-12-10,143848.0,NAS,2
2004-12-11,36261.0,Carrier,1
2004-12-12,71379.0,NAS,2
2004-12-13,70179.0,NAS,2
2004-12-14,36072.0,Carrier,1
2004-12-15,43652.0,Carrier,1
2004-12-16,56878.0,Carrier,1
2004-12-17,54661.0,Carrier,1
2004-12-18,61173.0,Carrier,1
2004-12-19,111757.0,NAS,2
2004-12-20,135714.0,LateAircraft,4
2004-12-21,81317.0,Carrier,1
2004-12-22,222187.0,LateAircraft,4
2004-12-23,402454.0,LateAircraft,4
2004-12-24,175597.0,Carrier,1
2004-12-25,82958.0,LateAircraft,4
2004-12-26,173063.0,LateAircraft,4
2004-12-27,207439.0,LateAircraft,4
2004-12-28,164550.0,LateAircraft,4
2004-12-29,127429.0,LateAircraft,4
2004-12-30,162522.0,LateAircraft,4
2004-12-31,57643.0,Carrier,1
2005-01-01,58148.0,Carrier,1
2005-01-02,115662.0,LateAircraft,4
2005-01-03,190126.0,LateAircraft,4
2005-01-04,129767.0,LateAircraft,4
2005-01-05,168703.0,LateAircraft,4
2005-01-06,143333.0,NAS,2
2005-01-07,109522.0,LateAircraft,4
2005-01-08,68436.0,NAS,2
2005-01-09,68087.0,NAS,2
2005-01-10,48813.0,Carrier,1
2005-01-11,73024.0,NAS,2
2005-01-12,136107.0,NAS,2
2005-01-13,162665.0,LateAircraft,4
2005-01-14,136321.0,LateAircraft,4
2005-01-15,43984.0,Carrier,1
2005-01-16,57221.0,Carrier,1
2005-01-17,61755.0,LateAircraft,4
2005-01-18,49693.0,Carrier,1
2005-01-19,129990.0,NAS,2
2005-01-20,112950.0,NAS,2
2005-01-21,72118.0,NAS,2
2005-01-22,126636.0,NAS,2
2005-01-23,64651.0,Carrier,1
2005-01-24,92569.0,LateAircraft,4
2005-01-25,37492.0,Carrier,1
2005-01-26,71596.0,NAS,2
2005-01-27,49146.0,LateAircraft,4
2005-01-28,46517.0,Carrier,1
2005-01-29,50024.0,Carrier,1
2005-01-30,104710.0,LateAircraft,4
2005-01-31,51764.0,Carrier,1
2005-02-01,35237.0,Carrier,1
2005-02-02,84793.0,NAS,2
2005-02-03,58179.0,NAS,2
2005-02-04,43632.0,NAS,2
2005-02-05,29671.0,Carrier,1
2005-02-06,30954.0,Carrier,1
2005-02-07,44071.0,NAS,2
2005-02-08,38981.0,NAS,2
2005-02-09,58887.0,NAS,2
2005-02-10,52174.0,NAS,2
2005-02-11,111664.0,LateAircraft,4
2005-02-12,37401.0,Carrier,1
2005-02-13,76682.0,NAS,2
2005-02-14,72910.0,NAS,2
2005-02-15,64231.0,NAS,2
2005-02-16,71144.0,NAS,2
2005-02-17,70347.0,NAS,2
2005-02-18,151939.0,LateAircraft,4
2005-02-19,59086.0,LateAircraft,4
2005-02-20,90753.0,NAS,2
2005-02-21,224345.0,LateAircraft,4
2005-02-22,80243.0,LateAircraft,4
2005-02-23,53893.0,LateAircraft,4
2005-02-24,147682.0,NAS,2
2005-02-25,97567.0,LateAircraft,4
2005-02-26,47360.0,Carrier,1
2005-02-27,80446.0,LateAircraft,4
2005-02-28,133883.0,NAS,2
2005-03-01,101316.0,NAS,2
2005-03-02,53397.0,NAS,2
2005-03-03,37640.0,Carrier,1
2005-03-04,46411.0,Carrier,1
2005-03-05,35117.0,Carrier,1
2005-03-06,42379.0,Carrier,1
2005-03-07,62143.0,NAS,2
2005-03-08,113647.0,NAS,2
2005-03-09,93511.0,LateAircraft,4
2005-03-10,97615.0,LateAircraft,4
2005-03-11,102971.0,NAS,2
2005-03-12,63333.0,Carrier,1
2005-03-13,48216.0,Carrier,1
2005-03-14,40044.0,Carrier,1
2005-03-15,33184.0,Carrier,1
2005-03-16,100426.0,NAS,2
2005-03-17,119487.0,NAS,2
2005-03-18,90242.0,LateAircraft,4
2005-03-19,59317.0,Carrier,1
2005-03-20,67303.0,LateAircraft,4
2005-03-21,61962.0,LateAircraft,4
2005-03-22,88356.0,NAS,2
2005-03-23,142247.0,NAS,2
2005-03-24,77527.0,LateAircraft,4
2005-03-25,187449.0,LateAircraft,4
2005-03-26,116253.0,LateAircraft,4
2005-03-27,114524.0,NAS,2
2005-03-28,180417.0,LateAircraft,4
2005-03-29,50398.0,LateAircraft,4
2005-03-30,61585.0,NAS,2
2005-03-31,113144.0,LateAircraft,4
2005-04-01,75698.0,Carrier,1
2005-04-02,124134.0,LateAircraft,4
2005-04-03,102153.0,Carrier,1
2005-04-04,48040.0,Carrier,1
2005-04-05,35380.0,NAS,2
2005-04-06,39892.0,Carrier,1
2005-04-07,75802.0,NAS,2
2005-04-08,54634.0,LateAircraft,4
2005-04-09,25698.0,Carrier,1
2005-04-10,30775.0,Carrier,1
2005-04-11,85560.0,LateAircraft,4
2005-04-12,31032.0,Carrier,1
2005-04-13,29503.0,Carrier,1
2005-04-14,34592.0,Carrier,1
2005-04-15,38662.0,Carrier,1
2005-04-16,26298.0,Carrier,1
2005-04-17,36927.0,Carrier,1
2005-04-18,31391.0,Carrier,1
2005-04-19,24818.0,Carrier,1
2005-04-20,57589.0,NAS,2
2005-04-21,36689.0,Carrier,1
2005-04-22,128481.0,LateAircraft,4
2005-04-23,70005.0,NAS,2
2005-04-24,51472.0,LateAircraft,4
2005-04-25,57151.0,LateAircraft,4
2005-04-26,50284.0,NAS,2
2005-04-27,49479.0,NAS,2
2005-04-28,57656.0,NAS,2
2005-04-29,36665.0,Carrier,1
2005-04-30,96532.0,LateAircraft,4
2005-05-01,47197.0,Carrier,1
2005-05-02,38214.0,Carrier,1
2005-05-03,29048.0,Carrier,1
2005-05-04,35838.0,LateAircraft,4
2005-05-05,58991.0,LateAircraft,4
2005-05-06,43268.0,Carrier,1
2005-05-07,25339.0,Carrier,1
2005-05-08,72982.0,LateAircraft,4
2005-05-09,44269.0,Carrier,1
2005-05-10,31332.0,Carrier,1
2005-05-11,102924.0,LateAircraft,4
2005-05-12,53088.0,Carrier,1
2005-05-13,69243.0,NAS,2
2005-05-14,37556.0,Carrier,1
2005-05-15,48729.0,Carrier,1
2005-05-16,38230.0,Carrier,1
2005-05-17,30389.0,Carrier,1
2005-05-18,50797.0,NAS,2
2005-05-19,123834.0,NAS,2
2005-05-20,163716.0,LateAircraft,4
2005-05-21,44813.0,Carrier,1
2005-05-22,56233.0,LateAircraft,4
2005-05-23,43065.0,Carrier,1
2005-05-24,52580.0,NAS,2
2005-05-25,109802.0,NAS,2
2005-05-26,74216.0,LateAircraft,4
2005-05-27,52111.0,Carrier,1
2005-05-28,41712.0,LateAircraft,4
2005-05-29,32437.0,Carrier,1
2005-05-30,37961.0,Carrier,1
2005-05-31,60987.0,NAS,2
2005-06-01,70783.0,LateAircraft,4
2005-06-02,60894.0,LateAircraft,4
2005-06-03,103744.0,LateAircraft,4
2005-06-04,46803.0,LateAircraft,4
2005-06-05,122445.0,LateAircraft,4
2005-06-06,184016.0,NAS,2
2005-06-07,82069.0,NAS,2
2005-06-08,93509.0,LateAircraft,4
2005-06-09,124706.0,LateAircraft,4
2005-06-10,174972.0,LateAircraft,4
2005-06-11,79002.0,Carrier,1
2005-06-12,89959.0,LateAircraft,4
2005-06-13,83873.0,NAS,2
2005-06-14,70873.0,NAS,2
2005-06-15,49330.0,Carrier,1
2005-06-16,109855.0,LateAircraft,4
2005-06-17,74508.0,LateAircraft,4
2005-06-18,46536.0,Carrier,1
2005-06-19,56230.0,Carrier,1
2005-06-20,65259.0,LateAircraft,4
2005-06-21,49088.0,LateAircraft,4
2005-06-22,118535.0,NAS,2
2005-06-23,76246.0,LateAircraft,4
2005-06-24,67615.0,Carrier,1
2005-06-25,57928.0,Carrier,1
2005-06-26,75362.0,LateAircraft,4
2005-06-27,125145.0,LateAircraft,4
2005-06-28,146260.0,LateAircraft,4
2005-06-29,179986.0,NAS,2
2005-06-30,256649.0,LateAircraft,4
2005-07-01,255948.0,LateAircraft,4
2005-07-02,85590.0,Carrier,1
2005-07-03,41814.0,Carrier,1
2005-07-04,55149.0,NAS,2
2005-07-05,149003.0,LateAircraft,4
2005-07-06,73919.0,LateAircraft,4
2005-07-07,172602.0,LateAircraft,4
2005-07-08,117066.0,LateAircraft,4
2005-07-09,78781.0,LateAircraft,4
2005-07-10,71393.0,NAS,2
2005-07-11,112380.0,LateAircraft,4
2005-07-12,86407.0,NAS,2
2005-07-13,216292.0,LateAircraft,4
2005-07-14,213164.0,LateAircraft,4
2005-07-15,248208.0,LateAircraft,4
2005-07-16,141261.0,LateAircraft,4
2005-07-17,218945.0,LateAircraft,4
2005-07-18,175314.0,LateAircraft,4
2005-07-19,146869.0,LateAircraft,4
2005-07-20,134752.0,LateAircraft,4
2005-07-21,140330.0,LateAircraft,4
2005-07-22,93342.0,LateAircraft,4
2005-07-23,69026.0,Carrier,1
2005-07-24,71759.0,Carrier,1
2005-07-25,229898.0,LateAircraft,4
2005-07-26,114587.0,LateAircraft,4
2005-07-27,164405.0,NAS,2
2005-07-28,107118.0,LateAircraft,4
2005-07-29,84777.0,LateAircraft,4
2005-07-30,61198.0,Carrier,1
2005-07-31,76494.0,Carrier,1
2005-08-01,71803.0,Carrier,1
2005-08-02,57992.0,Carrier,1
2005-08-03,63664.0,Carrier,1
2005-08-04,126597.0,LateAircraft,4
2005-08-05,147957.0,LateAircraft,4
2005-08-06,56810.0,Carrier,1
2005-08-07,136401.0,LateAircraft,4
2005-08-08,217443.0,LateAircraft,4
2005-08-09,140065.0,LateAircraft,4
2005-08-10,86572.0,LateAircraft,4
2005-08-11,85647.0,LateAircraft,4
2005-08-12,96476.0,LateAircraft,4
2005-08-13,73717.0,Carrier,1
2005-08-14,172320.0,LateAircraft,4
2005-08-15,128157.0,LateAircraft,4
2005-08-16,148545.0,LateAircraft,4
2005-08-17,62661.0,LateAircraft,4
2005-08-18,120056.0,LateAircraft,4
2005-08-19,101404.0,LateAircraft,4
2005-08-20,78833.0,Carrier,1
2005-08-21,82913.0,Carrier,1
2005-08-22,71419.0,Carrier,1
2005-08-23,71198.0,NAS,2
2005-08-24,49431.0,Carrier,1
2005-08-25,55095.0,Carrier,1
2005-08-26,58934.0,Carrier,1
2005-08-27,37482.0,Carrier,1
2005-08-28,47352.0,Carrier,1
2005-08-29,87283.0,NAS,2
2005-08-30,48318.0,Carrier,1
2005-08-31,51877.0,Carrier,1
2005-09-01,43389.0,Carrier,1
2005-09-02,48182.0,Carrier,1
2005-09-03,32062.0,Carrier,1
2005-09-04,27730.0,Carrier,1
2005-09-05,41730.0,Carrier,1
2005-09-06,45581.0,Carrier,1
2005-09-07,32145.0,Carrier,1
2005-09-08,34875.0,Carrier,1
2005-09-09,47056.0,NAS,2
2005-09-10,28098.0,Carrier,1
2005-09-11,46263.0,Carrier,1
2005-09-12,39698.0,Carrier,1
2005-09-13,40486.0,NAS,2
2005-09-14,86476.0,NAS,2
2005-09-15,126694.0,LateAircraft,4
2005-09-16,86420.0,NAS,2
2005-09-17,33104.0,Carrier,1
2005-09-18,42025.0,Carrier,1
2005-09-19,83661.0,LateAircraft,4
2005-09-20,42953.0,Carrier,1
2005-09-21,43428.0,Carrier,1
2005-09-22,132842.0,LateAircraft,4
2005-09-23,63728.0,Carrier,1
2005-09-24,36588.0,Carrier,1
2005-09-25,53052.0,Carrier,1
2005-09-26,63323.0,NAS,2
2005-09-27,31939.0,Carrier,1
2005-09-28,48692.0,NAS,2
2005-09-29,62140.0,LateAircraft,4
2005-09-30,44232.0,Carrier,1
2005-10-01,31754.0,Carrier,1
2005-10-02,68955.0,LateAircraft,4
2005-10-03,44459.0,Carrier,1
2005-10-04,38996.0,NAS,2
2005-10-05,48724.0,NAS,2
2005-10-06,85292.0,NAS,2
2005-10-07,108354.0,NAS,2
2005-10-08,46214.0,Carrier,1
2005-10-09,75710.0,NAS,2
2005-10-10,143458.0,NAS,2
2005-10-11,73897.0,NAS,2
2005-10-12,103133.0,NAS,2
2005-10-13,105809.0,NAS,2
2005-10-14,116797.0,NAS,2
2005-10-15,33160.0,Carrier,1
2005-10-16,67459.0,LateAircraft,4
2005-10-17,60411.0,LateAircraft,4
2005-10-18,58019.0,LateAircraft,4
2005-10-19,34446.0,Carrier,1
2005-10-20,43915.0,Carrier,1
2005-10-21,60406.0,LateAircraft,4
2005-10-22,35865.0,Carrier,1
2005-10-23,54537.0,Carrier,1
2005-10-24,46403.0,Carrier,1
2005-10-25,63473.0,NAS,2
2005-10-26,37832.0,Carrier,1
2005-10-27,38873.0,Carrier,1
2005-10-28,45557.0,Carrier,1
2005-10-29,25930.0,Carrier,1
2005-10-30,31568.0,Carrier,1
2005-10-31,101871.0,LateAircraft,4
2005-11-01,33341.0,Carrier,1
2005-11-02,27266.0,Carrier,1
2005-11-03,47467.0,NAS,2
2005-11-04,39406.0,Carrier,1
2005-11-05,36363.0,Carrier,1
2005-11-06,101738.0,NAS,2
2005-11-07,41443.0,Carrier,1
2005-11-08,31526.0,Carrier,1
2005-11-09,108047.0,NAS,2
2005-11-10,44355.0,Carrier,1
2005-11-11,38793.0,Carrier,1
2005-11-12,24731.0,Carrier,1
2005-11-13,46108.0,Carrier,1
2005-11-14,46529.0,Carrier,1
2005-11-15,152195.0,NAS,2
2005-11-16,105400.0,NAS,2
2005-11-17,67137.0,Carrier,1
2005-11-18,65140.0,Carrier,1
2005-11-19,36264.0,Carrier,1
2005-11-20,44901.0,NAS,2
2005-11-21,121897.0,NAS,2
2005-11-22,86362.0,NAS,2
2005-11-23,85267.0,NAS,2
2005-11-24,37212.0,Carrier,1
2005-11-25,40986.0,Carrier,1
2005-11-26,46933.0,Carrier,1
2005-11-27,142109.0,NAS,2
2005-11-28,191369.0,LateAircraft,4
2005-11-29,116744.0,NAS,2
2005-11-30,49440.0,Carrier,1
2005-12-01,92297.0,NAS,2
2005-12-02,67775.0,NAS,2
2005-12-03,35799.0,Carrier,1
2005-12-04,140860.0,LateAircraft,4
2005-12-05,117350.0,NAS,2
2005-12-06,58558.0,Carrier,1
2005-12-07,64564.0,NAS,2
2005-12-08,162690.0,NAS,2
2005-12-09,230501.0,LateAircraft,4
2005-12-10,48878.0,Carrier,1
2005-12-11,52801.0,Carrier,1
2005-12-12,43521.0,Carrier,1
2005-12-13,35302.0,Carrier,1
2005-12-14,124817.0,NAS,2
2005-12-15,186941.0,LateAircraft,4
2005-12-16,184798.0,LateAircraft,4
2005-12-17,99296.0,Carrier,1
2005-12-18,89224.0,Carrier,1
2005-12-19,75756.0,Carrier,1
2005-12-20,87948.0,Carrier,1
2005-12-21,90917.0,Carrier,1
2005-12-22,103531.0,LateAircraft,4
2005-12-23,81715.0,Carrier,1
2005-12-24,53421.0,Carrier,1
2005-12-25,75132.0,LateAircraft,4
2005-12-26,105755.0,LateAircraft,4
2005-12-27,85951.0,LateAircraft,4
2005-12-28,135524.0,LateAircraft,4
2005-12-29,96318.0,LateAircraft,4
2005-12-30,98326.0,LateAircraft,4
2005-12-31,75091.0,Carrier,1
2006-01-01,90977.0,Carrier,1
2006-01-02,325684.0,LateAircraft,4
2006-01-03,201362.0,LateAircraft,4
2006-01-04,76821.0,Carrier,1
2006-01-05,51534.0,Carrier,1
2006-01-06,42492.0,Carrier,1
2006-01-07,40966.0,Carrier,1
2006-01-08,47921.0,Carrier,1
2006-01-09,38228.0,Carrier,1
2006-01-10,35739.0,Carrier,1
2006-01-11,88959.0,NAS,2
2006-01-12,43921.0,Carrier,1
2006-01-13,168466.0,LateAircraft,4
2006-01-14,52760.0,Carrier,1
2006-01-15,58119.0,LateAircraft,4
2006-01-16,57243.0,Carrier,1
2006-01-17,88226.0,NAS,2
2006-01-18,89429.0,NAS,2
2006-01-19,45225.0,Carrier,1
2006-01-20,44373.0,Carrier,1
2006-01-21,43845.0,Carrier,1
2006-01-22,130859.0,LateAircraft,4
2006-01-23,113319.0,LateAircraft,4
2006-01-24,38027.0,Carrier,1
2006-01-25,29998.0,NAS,2
2006-01-26,34488.0,Carrier,1
2006-01-27,39609.0,Carrier,1
2006-01-28,36197.0,Carrier,1
2006-01-29,60009.0,NAS,2
2006-01-30,63223.0,LateAircraft,4
2006-01-31,47723.0,NAS,2
2006-02-01,33978.0,Carrier,1
2006-02-02,49341.0,NAS,2
2006-02-03,145441.0,LateAircraft,4
2006-02-04,74155.0,NAS,2
2006-02-05,43015.0,NAS,2
2006-02-06,64445.0,NAS,2
2006-02-07,30109.0,Carrier,1
2006-02-08,37893.0,NAS,2
2006-02-09,43655.0,Carrier,1
2006-02-10,62687.0,LateAircraft,4
2006-02-11,55983.0,NAS,2
2006-02-12,53124.0,Carrier,1
2006-02-13,60142.0,LateAircraft,4
2006-02-14,39634.0,Carrier,1
2006-02-15,42686.0,Carrier,1
2006-02-16,186724.0,LateAircraft,4
2006-02-17,226855.0,LateAircraft,4
2006-02-18,147556.0,LateAircraft,4
2006-02-19,170532.0,LateAircraft,4
2006-02-20,120763.0,LateAircraft,4
2006-02-21,67396.0,LateAircraft,4
2006-02-22,90731.0,NAS,2
2006-02-23,87686.0,LateAircraft,4
2006-02-24,88290.0,LateAircraft,4
2006-02-25,54045.0,LateAircraft,4
2006-02-26,73274.0,LateAircraft,4
2006-02-27,64967.0,LateAircraft,4
2006-02-28,45325.0,Carrier,1
2006-03-01,37987.0,Carrier,1
2006-03-02,112619.0,NAS,2
2006-03-03,70776.0,LateAircraft,4
2006-03-04,39721.0,Carrier,1
2006-03-05,124809.0,LateAircraft,4
2006-03-06,70330.0,LateAircraft,4
2006-03-07,57379.0,NAS,2
2006-03-08,51445.0,LateAircraft,4
2006-03-09,140845.0,LateAircraft,4
2006-03-10,105228.0,LateAircraft,4
2006-03-11,70241.0,Carrier,1
2006-03-12,139359.0,LateAircraft,4
2006-03-13,190070.0,LateAircraft,4
2006-03-14,80845.0,NAS,2
2006-03-15,78974.0,LateAircraft,4
2006-03-16,96818.0,LateAircraft,4
2006-03-17,58933.0,LateAircraft,4
2006-03-18,64305.0,LateAircraft,4
2006-03-19,155074.0,LateAircraft,4
2006-03-20,221678.0,LateAircraft,4
2006-03-21,73710.0,LateAircraft,4
2006-03-22,40861.0,NAS,2
2006-03-23,76576.0,LateAircraft,4
2006-03-24,79197.0,LateAircraft,4
2006-03-25,52847.0,Carrier,1
2006-03-26,61765.0,LateAircraft,4
2006-03-27,44165.0,Carrier,1
2006-03-28,149031.0,LateAircraft,4
2006-03-29,47098.0,Carrier,1
2006-03-30,50946.0,Carrier,1
2006-03-31,105368.0,LateAircraft,4
2006-04-01,60185.0,Carrier,1
2006-04-02,110866.0,LateAircraft,4
2006-04-03,153880.0,LateAircraft,4
2006-04-04,75215.0,NAS,2
2006-04-05,85143.0,LateAircraft,4
2006-04-06,105773.0,LateAircraft,4
2006-04-07,194218.0,LateAircraft,4
2006-04-08,69885.0,Carrier,1
2006-04-09,58715.0,Carrier,1
2006-04-10,39017.0,Carrier,1
2006-04-11,39312.0,Carrier,1
2006-04-12,42408.0,Carrier,1
2006-04-13,89144.0,LateAircraft,4
2006-04-14,82741.0,LateAircraft,4
2006-04-15,34096.0,Carrier,1
2006-04-16,76627.0,LateAircraft,4
2006-04-17,69009.0,LateAircraft,4
2006-04-18,40737.0,Carrier,1
2006-04-19,80298.0,LateAircraft,4
2006-04-20,83235.0,LateAircraft,4
2006-04-21,114827.0,LateAircraft,4
2006-04-22,54844.0,Carrier,1
2006-04-23,67620.0,LateAircraft,4
2006-04-24,113601.0,LateAircraft,4
2006-04-25,36446.0,NAS,2
2006-04-26,37025.0,Carrier,1
2006-04-27,36723.0,Carrier,1
2006-04-28,82131.0,LateAircraft,4
2006-04-29,57996.0,LateAircraft,4
2006-04-30,126551.0,LateAircraft,4
2006-05-01,69269.0,LateAircraft,4
2006-05-02,54420.0,LateAircraft,4
2006-05-03,37188.0,Carrier,1
2006-05-04,54254.0,LateAircraft,4
2006-05-05,91687.0,LateAircraft,4
2006-05-06,39963.0,Carrier,1
2006-05-07,59546.0,LateAircraft,4
2006-05-08,57714.0,LateAircraft,4
2006-05-09,54132.0,NAS,2
2006-05-10,88681.0,NAS,2
2006-05-11,150404.0,NAS,2
2006-05-12,118705.0,LateAircraft,4
2006-05-13,44017.0,Carrier,1
2006-05-14,92337.0,LateAircraft,4
2006-05-15,106013.0,LateAircraft,4
2006-05-16,50728.0,LateAircraft,4
2006-05-17,83060.0,LateAircraft,4
2006-05-18,83214.0,LateAircraft,4
2006-05-19,104450.0,LateAircraft,4
2006-05-20,39976.0,Carrier,1
2006-05-21,87116.0,LateAircraft,4
2006-05-22,55993.0,Carrier,1
2006-05-23,40024.0,Carrier,1
2006-05-24,139789.0,LateAircraft,4
2006-05-25,128450.0,LateAircraft,4
2006-05-26,136465.0,LateAircraft,4
2006-05-27,43165.0,Carrier,1
2006-05-28,31386.0,Carrier,1
2006-05-29,130676.0,LateAircraft,4
2006-05-30,102806.0,LateAircraft,4
2006-05-31,112530.0,LateAircraft,4
2006-06-01,141187.0,NAS,2
2006-06-02,138394.0,LateAircraft,4
2006-06-03,65558.0,Carrier,1
2006-06-04,54518.0,Carrier,1
2006-06-05,54206.0,Carrier,1
2006-06-06,39530.0,Carrier,1
2006-06-07,117039.0,NAS,2
2006-06-08,81824.0,LateAircraft,4
2006-06-09,93288.0,LateAircraft,4
2006-06-10,63185.0,Carrier,1
2006-06-11,69170.0,Carrier,1
2006-06-12,90408.0,LateAircraft,4
2006-06-13,51033.0,Carrier,1
2006-06-14,56232.0,Carrier,1
2006-06-15,62434.0,LateAircraft,4
2006-06-16,101380.0,LateAircraft,4
2006-06-17,107624.0,LateAircraft,4
2006-06-18,90097.0,LateAircraft,4
2006-06-19,169556.0,LateAircraft,4
2006-06-20,83624.0,Carrier,1
2006-06-21,170155.0,LateAircraft,4
2006-06-22,231020.0,LateAircraft,4
2006-06-23,169852.0,LateAircraft,4
2006-06-24,98996.0,Carrier,1
2006-06-25,233971.0,LateAircraft,4
2006-06-26,235433.0,LateAircraft,4
2006-06-27,245863.0,LateAircraft,4
2006-06-28,181544.0,LateAircraft,4
2006-06-29,100837.0,LateAircraft,4
2006-06-30,96650.0,LateAircraft,4
2006-07-01,76899.0,Carrier,1
2006-07-02,84008.0,LateAircraft,4
2006-07-03,42168.0,Carrier,1
2006-07-04,111148.0,LateAircraft,4
2006-07-05,223246.0,LateAircraft,4
2006-07-06,80269.0,Carrier,1
2006-07-07,56303.0,LateAircraft,4
2006-07-08,47524.0,Carrier,1
2006-07-09,69534.0,Carrier,1
2006-07-10,68150.0,Carrier,1
2006-07-11,112734.0,LateAircraft,4
2006-07-12,145146.0,LateAircraft,4
2006-07-13,101069.0,LateAircraft,4
2006-07-14,102630.0,LateAircraft,4
2006-07-15,70391.0,Carrier,1
2006-07-16,77893.0,Carrier,1
2006-07-17,75025.0,LateAircraft,4
2006-07-18,138787.0,NAS,2
2006-07-19,131164.0,LateAircraft,4
2006-07-20,308461.0,LateAircraft,4
2006-07-21,240366.0,LateAircraft,4
2006-07-22,160258.0,LateAircraft,4
2006-07-23,106199.0,LateAircraft,4
2006-07-24,86360.0,LateAircraft,4
2006-07-25,87298.0,LateAircraft,4
2006-07-26,91490.0,LateAircraft,4
2006-07-27,195592.0,NAS,2
2006-07-28,212754.0,LateAircraft,4
2006-07-29,84095.0,Carrier,1
2006-07-30,114194.0,LateAircraft,4
2006-07-31,83553.0,Carrier,1
2006-08-01,74230.0,Carrier,1
2006-08-02,70241.0,LateAircraft,4
2006-08-03,183163.0,LateAircraft,4
2006-08-04,85713.0,Carrier,1
2006-08-05,64144.0,Carrier,1
2006-08-06,93041.0,LateAircraft,4
2006-08-07,140187.0,LateAircraft,4
2006-08-08,67783.0,Carrier,1
2006-08-09,58958.0,Carrier,1
2006-08-10,325968.0,LateAircraft,4
2006-08-11,117648.0,Carrier,1
2006-08-12,67244.0,Carrier,1
2006-08-13,74774.0,Carrier,1
2006-08-14,79327.0,LateAircraft,4
2006-08-15,57704.0,Carrier,1
2006-08-16,50123.0,Carrier,1
2006-08-17,55741.0,Carrier,1
2006-08-18,66640.0,LateAircraft,4
2006-08-19,56798.0,Carrier,1
2006-08-20,75300.0,LateAircraft,4
2006-08-21,64423.0,Carrier,1
2006-08-22,61536.0,NAS,2
2006-08-23,51815.0,LateAircraft,4
2006-08-24,249038.0,LateAircraft,4
2006-08-25,134781.0,LateAircraft,4
2006-08-26,49895.0,Carrier,1
2006-08-27,103777.0,LateAircraft,4
2006-08-28,155886.0,LateAircraft,4
2006-08-29,106059.0,NAS,2
2006-08-30,74648.0,NAS,2
2006-08-31,120366.0,LateAircraft,4
2006-09-01,125985.0,LateAircraft,4
2006-09-02,66504.0,LateAircraft,4
2006-09-03,35827.0,Carrier,1
2006-09-04,49066.0,Carrier,1
2006-09-05,80293.0,LateAircraft,4
2006-09-06,42423.0,Carrier,1
2006-09-07,60129.0,NAS,2
2006-09-08,64320.0,LateAircraft,4
2006-09-09,41768.0,Carrier,1
2006-09-10,114750.0,NAS,2
2006-09-11,172357.0,LateAircraft,4
2006-09-12,121318.0,NAS,2
2006-09-13,130704.0,LateAircraft,4
2006-09-14,114036.0,NAS,2
2006-09-15,168979.0,LateAircraft,4
2006-09-16,47229.0,Carrier,1
2006-09-17,142420.0,LateAircraft,4
2006-09-18,80730.0,LateAircraft,4
2006-09-19,68011.0,NAS,2
2006-09-20,42865.0,Carrier,1
2006-09-21,53278.0,NAS,2
2006-09-22,190835.0,LateAircraft,4
2006-09-23,129021.0,LateAircraft,4
2006-09-24,130626.0,LateAircraft,4
2006-09-25,63089.0,Carrier,1
2006-09-26,36723.0,Carrier,1
2006-09-27,47526.0,NAS,2
2006-09-28,115991.0,NAS,2
2006-09-29,70310.0,Carrier,1
2006-09-30,41900.0,Carrier,1
2006-10-01,58516.0,Carrier,1
2006-10-02,97765.0,NAS,2
2006-10-03,49723.0,Carrier,1
2006-10-04,148728.0,NAS,2
2006-10-05,73452.0,LateAircraft,4
2006-10-06,134178.0,LateAircraft,4
2006-10-07,42996.0,Carrier,1
2006-10-08,48374.0,Carrier,1
2006-10-09,49575.0,Carrier,1
2006-10-10,116487.0,LateAircraft,4
2006-10-11,139484.0,NAS,2
2006-10-12,181409.0,LateAircraft,4
2006-10-13,129835.0,LateAircraft,4
2006-10-14,98864.0,Carrier,1
2006-10-15,103238.0,LateAircraft,4
2006-10-16,182129.0,LateAircraft,4
2006-10-17,136443.0,NAS,2
2006-10-18,134167.0,NAS,2
2006-10-19,148676.0,LateAircraft,4
2006-10-20,179435.0,LateAircraft,4
2006-10-21,47692.0,Carrier,1
2006-10-22,103563.0,LateAircraft,4
2006-10-23,74368.0,LateAircraft,4
2006-10-24,52378.0,NAS,2
2006-10-25,71389.0,NAS,2
2006-10-26,190410.0,LateAircraft,4
2006-10-27,224640.0,LateAircraft,4
2006-10-28,94527.0,NAS,2
2006-10-29,65180.0,Carrier,1
2006-10-30,49939.0,Carrier,1
2006-10-31,38276.0,Carrier,1
2006-11-01,50978.0,Carrier,1
2006-11-02,97588.0,NAS,2
2006-11-03,65574.0,Carrier,1
2006-11-04,37365.0,Carrier,1
2006-11-05,57054.0,Carrier,1
2006-11-06,87219.0,LateAircraft,4
2006-11-07,111306.0,NAS,2
2006-11-08,106915.0,NAS,2
2006-11-09,53379.0,Carrier,1
2006-11-10,84970.0,LateAircraft,4
2006-11-11,46377.0,Carrier,1
2006-11-12,108295.0,NAS,2
2006-11-13,170757.0,NAS,2
2006-11-14,53908.0,Carrier,1
2006-11-15,187730.0,LateAircraft,4
2006-11-16,196859.0,LateAircraft,4
2006-11-17,83105.0,LateAircraft,4
2006-11-18,45147.0,Carrier,1
2006-11-19,53264.0,Carrier,1
2006-11-20,61566.0,Carrier,1
2006-11-21,69738.0,LateAircraft,4
2006-11-22,96615.0,NAS,2
2006-11-23,39061.0,NAS,2
2006-11-24,29606.0,Carrier,1
2006-11-25,38892.0,Carrier,1
2006-11-26,73144.0,LateAircraft,4
2006-11-27,82274.0,LateAircraft,4
2006-11-28,109875.0,NAS,2
2006-11-29,163431.0,NAS,2
2006-11-30,131909.0,LateAircraft,4
2006-12-01,201070.0,LateAircraft,4
2006-12-02,73942.0,Carrier,1
2006-12-03,64500.0,LateAircraft,4
2006-12-04,77753.0,LateAircraft,4
2006-12-05,39991.0,NAS,2
2006-12-06,74244.0,NAS,2
2006-12-07,106894.0,NAS,2
2006-12-08,86903.0,LateAircraft,4
2006-12-09,36211.0,Carrier,1
2006-12-10,48776.0,Carrier,1
2006-12-11,70640.0,NAS,2
2006-12-12,94620.0,NAS,2
2006-12-13,92070.0,NAS,2
2006-12-14,196938.0,LateAircraft,4
2006-12-15,218860.0,LateAircraft,4
2006-12-16,72509.0,LateAircraft,4
2006-12-17,56729.0,Carrier,1
2006-12-18,55608.0,Carrier,1
2006-12-19,72962.0,LateAircraft,4
2006-12-20,148975.0,LateAircraft,4
2006-12-21,187271.0,LateAircraft,4
2006-12-22,302098.0,LateAircraft,4
2006-12-23,221072.0,LateAircraft,4
2006-12-24,86469.0,Carrier,1
2006-12-25,80732.0,Carrier,1
2006-12-26,178440.0,LateAircraft,4
2006-12-27,121257.0,LateAircraft,4
2006-12-28,108532.0,LateAircraft,4
2006-12-29,119522.0,LateAircraft,4
2006-12-30,146748.0,LateAircraft,4
2006-12-31,122217.0,LateAircraft,4
2007-01-01,137727.0,LateAircraft,4
2007-01-02,95205.0,Carrier,1
2007-01-03,76328.0,Carrier,1
2007-01-04,135622.0,LateAircraft,4
2007-01-05,187689.0,LateAircraft,4
2007-01-06,74573.0,Carrier,1
2007-01-07,87117.0,Carrier,1
2007-01-08,60607.0,Carrier,1
2007-01-09,63979.0,NAS,2
2007-01-10,41847.0,Carrier,1
2007-01-11,81664.0,LateAircraft,4
2007-01-12,126517.0,LateAircraft,4
2007-01-13,54294.0,Carrier,1
2007-01-14,121975.0,LateAircraft,4
2007-01-15,249493.0,LateAircraft,4
2007-01-16,96158.0,LateAircraft,4
2007-01-17,95084.0,LateAircraft,4
2007-01-18,165986.0,LateAircraft,4
2007-01-19,117726.0,LateAircraft,4
2007-01-20,46723.0,Carrier,1
2007-01-21,227971.0,LateAircraft,4
2007-01-22,110994.0,LateAircraft,4
2007-01-23,38573.0,Carrier,1
2007-01-24,38985.0,Carrier,1
2007-01-25,57450.0,NAS,2
2007-01-26,86829.0,LateAircraft,4
2007-01-27,52944.0,Carrier,1
2007-01-28,80121.0,LateAircraft,4
2007-01-29,77545.0,LateAircraft,4
2007-01-30,49685.0,Carrier,1
2007-01-31,72851.0,LateAircraft,4
2007-02-01,118832.0,NAS,2
2007-02-02,117501.0,LateAircraft,4
2007-02-03,79547.0,NAS,2
2007-02-04,82921.0,Carrier,1
2007-02-05,117296.0,LateAircraft,4
2007-02-06,131794.0,LateAircraft,4
2007-02-07,87471.0,LateAircraft,4
2007-02-08,77985.0,LateAircraft,4
2007-02-09,93099.0,LateAircraft,4
2007-02-10,59506.0,Carrier,1
2007-02-11,70687.0,Carrier,1
2007-02-12,134910.0,LateAircraft,4
2007-02-13,120671.0,LateAircraft,4
2007-02-14,188264.0,LateAircraft,4
2007-02-15,303667.0,LateAircraft,4
2007-02-16,246894.0,LateAircraft,4
2007-02-17,139738.0,LateAircraft,4
2007-02-18,86257.0,Carrier,1
2007-02-19,118024.0,LateAircraft,4
2007-02-20,62584.0,Carrier,1
2007-02-21,114472.0,LateAircraft,4
2007-02-22,127771.0,LateAircraft,4
2007-02-23,116017.0,LateAircraft,4
2007-02-24,89761.0,LateAircraft,4
2007-02-25,208039.0,LateAircraft,4
2007-02-26,207151.0,LateAircraft,4
2007-02-27,92007.0,LateAircraft,4
2007-02-28,69117.0,Carrier,1
2007-03-01,223616.0,LateAircraft,4
2007-03-02,229195.0,LateAircraft,4
2007-03-03,94930.0,Carrier,1
2007-03-04,79927.0,Carrier,1
2007-03-05,70109.0,LateAircraft,4
2007-03-06,63782.0,Carrier,1
2007-03-07,169078.0,LateAircraft,4
2007-03-08,67067.0,LateAircraft,4
2007-03-09,73451.0,Carrier,1
2007-03-10,58044.0,Carrier,1
2007-03-11,86140.0,Carrier,1
2007-03-12,96376.0,LateAircraft,4
2007-03-13,86206.0,LateAircraft,4
2007-03-14,101287.0,LateAircraft,4
2007-03-15,109299.0,LateAircraft,4
2007-03-16,84999.0,Carrier,1
2007-03-17,180710.0,LateAircraft,4
2007-03-18,119883.0,LateAircraft,4
2007-03-19,94989.0,LateAircraft,4
2007-03-20,63949.0,LateAircraft,4
2007-03-21,113506.0,LateAircraft,4
2007-03-22,231960.0,LateAircraft,4
2007-03-23,128275.0,LateAircraft,4
2007-03-24,95696.0,LateAircraft,4
2007-03-25,75856.0,Carrier,1
2007-03-26,74792.0,LateAircraft,4
2007-03-27,55608.0,NAS,2
2007-03-28,131151.0,LateAircraft,4
2007-03-29,124409.0,LateAircraft,4
2007-03-30,122054.0,LateAircraft,4
2007-03-31,102130.0,LateAircraft,4
2007-04-01,106952.0,LateAircraft,4
2007-04-02,87862.0,LateAircraft,4
2007-04-03,126634.0,LateAircraft,4
2007-04-04,163565.0,LateAircraft,4
2007-04-05,121554.0,LateAircraft,4
2007-04-06,101252.0,LateAircraft,4
2007-04-07,58955.0,Carrier,1
2007-04-08,58466.0,Carrier,1
2007-04-09,61238.0,Carrier,1
2007-04-10,59020.0,Carrier,1
2007-04-11,197069.0,LateAircraft,4
2007-04-12,220462.0,LateAircraft,4
2007-04-13,127377.0,LateAircraft,4
2007-04-14,73568.0,Carrier,1
2007-04-15,139251.0,LateAircraft,4
2007-04-16,147530.0,LateAircraft,4
2007-04-17,97013.0,NAS,2
2007-04-18,78287.0,LateAircraft,4
2007-04-19,54705.0,Carrier,1
2007-04-20,55916.0,Carrier,1
2007-04-21,38318.0,Carrier,1
2007-04-22,58191.0,Carrier,1
2007-04-23,44993.0,Carrier,1
2007-04-24,67232.0,LateAircraft,4
2007-04-25,163644.0,LateAircraft,4
2007-04-26,121219.0,LateAircraft,4
2007-04-27,137224.0,LateAircraft,4
2007-04-28,39450.0,Carrier,1
2007-04-29,54166.0,Carrier,1
2007-04-30,61630.0,LateAircraft,4
2007-05-01,72377.0,NAS,2
2007-05-02,82088.0,NAS,2
2007-05-03,93483.0,LateAircraft,4
2007-05-04,81147.0,LateAircraft,4
2007-05-05,53409.0,LateAircraft,4
2007-05-06,118338.0,LateAircraft,4
2007-05-07,68642.0,LateAircraft,4
2007-05-08,40117.0,Carrier,1
2007-05-09,72925.0,NAS,2
2007-05-10,127468.0,NAS,2
2007-05-11,98123.0,LateAircraft,4
2007-05-12,45210.0,Carrier,1
2007-05-13,51417.0,LateAircraft,4
2007-05-14,57639.0,LateAircraft,4
2007-05-15,139259.0,NAS,2
2007-05-16,145247.0,LateAircraft,4
2007-05-17,69125.0,Carrier,1
2007-05-18,83384.0,LateAircraft,4
2007-05-19,44042.0,Carrier,1
2007-05-20,62451.0,LateAircraft,4
2007-05-21,55077.0,Carrier,1
2007-05-22,95524.0,LateAircraft,4
2007-05-23,82241.0,LateAircraft,4
2007-05-24,174315.0,LateAircraft,4
2007-05-25,119819.0,LateAircraft,4
2007-05-26,60832.0,LateAircraft,4
2007-05-27,42607.0,LateAircraft,4
2007-05-28,76617.0,LateAircraft,4
2007-05-29,72554.0,LateAircraft,4
2007-05-30,116576.0,LateAircraft,4
2007-05-31,88771.0,LateAircraft,4
2007-06-01,143498.0,NAS,2
2007-06-02,68445.0,Carrier,1
2007-06-03,191829.0,LateAircraft,4
2007-06-04,160581.0,LateAircraft,4
2007-06-05,90177.0,LateAircraft,4
2007-06-06,84965.0,LateAircraft,4
2007-06-07,95356.0,LateAircraft,4
2007-06-08,255418.0,NAS,2
2007-06-09,101603.0,Carrier,1
2007-06-10,72521.0,Carrier,1
2007-06-11,140889.0,NAS,2
2007-06-12,182902.0,NAS,2
2007-06-13,156249.0,LateAircraft,4
2007-06-14,138984.0,LateAircraft,4
2007-06-15,107984.0,LateAircraft,4
2007-06-16,175306.0,LateAircraft,4
2007-06-17,190077.0,LateAircraft,4
2007-06-18,164524.0,LateAircraft,4
2007-06-19,200720.0,NAS,2
2007-06-20,183544.0,LateAircraft,4
2007-06-21,108408.0,LateAircraft,4
2007-06-22,109867.0,LateAircraft,4
2007-06-23,70035.0,Carrier,1
2007-06-24,88130.0,Carrier,1
2007-06-25,236892.0,LateAircraft,4
2007-06-26,208157.0,LateAircraft,4
2007-06-27,259094.0,LateAircraft,4
2007-06-28,254425.0,LateAircraft,4
2007-06-29,180429.0,LateAircraft,4
2007-06-30,103987.0,Carrier,1
2007-07-01,161350.0,LateAircraft,4
2007-07-02,129477.0,LateAircraft,4
2007-07-03,66595.0,LateAircraft,4
2007-07-04,40022.0,Carrier,1
2007-07-05,75462.0,LateAircraft,4
2007-07-06,95305.0,LateAircraft,4
2007-07-07,70158.0,Carrier,1
2007-07-08,138825.0,LateAircraft,4
2007-07-09,176559.0,LateAircraft,4
2007-07-10,252514.0,LateAircraft,4
2007-07-11,190089.0,LateAircraft,4
2007-07-12,94504.0,LateAircraft,4
2007-07-13,89250.0,LateAircraft,4
2007-07-14,89414.0,LateAircraft,4
2007-07-15,119205.0,LateAircraft,4
2007-07-16,116593.0,LateAircraft,4
2007-07-17,128506.0,LateAircraft,4
2007-07-18,183982.0,LateAircraft,4
2007-07-19,332375.0,LateAircraft,4
2007-07-20,158614.0,LateAircraft,4
2007-07-21,76389.0,Carrier,1
2007-07-22,95605.0,LateAircraft,4
2007-07-23,137016.0,LateAircraft,4
2007-07-24,67854.0,Carrier,1
2007-07-25,87936.0,LateAircraft,4
2007-07-26,207064.0,LateAircraft,4
2007-07-27,176297.0,LateAircraft,4
2007-07-28,104082.0,Carrier,1
2007-07-29,299956.0,LateAircraft,4
2007-07-30,215363.0,LateAircraft,4
2007-07-31,147739.0,LateAircraft,4
2007-08-01,163765.0,LateAircraft,4
2007-08-02,109272.0,LateAircraft,4
2007-08-03,112586.0,LateAircraft,4
2007-08-04,84165.0,Carrier,1
2007-08-05,165234.0,LateAircraft,4
2007-08-06,150422.0,LateAircraft,4
2007-08-07,139483.0,LateAircraft,4
2007-08-08,158646.0,LateAircraft,4
2007-08-09,234019.0,LateAircraft,4
2007-08-10,160154.0,LateAircraft,4
2007-08-11,65830.0,Carrier,1
2007-08-12,86373.0,Carrier,1
2007-08-13,85759.0,Carrier,1
2007-08-14,106527.0,LateAircraft,4
2007-08-15,83431.0,LateAircraft,4
2007-08-16,193025.0,LateAircraft,4
2007-08-17,176770.0,LateAircraft,4
2007-08-18,93968.0,Carrier,1
2007-08-19,193102.0,LateAircraft,4
2007-08-20,200053.0,LateAircraft,4
2007-08-21,132998.0,LateAircraft,4
2007-08-22,106143.0,LateAircraft,4
2007-08-23,151702.0,LateAircraft,4
2007-08-24,184744.0,LateAircraft,4
2007-08-25,98448.0,LateAircraft,4
2007-08-26,85411.0,LateAircraft,4
2007-08-27,70032.0,LateAircraft,4
2007-08-28,49554.0,Carrier,1
2007-08-29,111650.0,LateAircraft,4
2007-08-30,129123.0,LateAircraft,4
2007-08-31,113110.0,LateAircraft,4
2007-09-01,51479.0,Carrier,1
2007-09-02,36240.0,Carrier,1
2007-09-03,67082.0,LateAircraft,4
2007-09-04,58860.0,Carrier,1
2007-09-05,52697.0,Carrier,1
2007-09-06,59151.0,LateAircraft,4
2007-09-07,96111.0,LateAircraft,4
2007-09-08,44110.0,Carrier,1
2007-09-09,80965.0,LateAircraft,4
2007-09-10,137876.0,LateAircraft,4
2007-09-11,110904.0,NAS,2
2007-09-12,53671.0,Carrier,1
2007-09-13,70197.0,LateAircraft,4
2007-09-14,108847.0,LateAircraft,4
2007-09-15,52891.0,Carrier,1
2007-09-16,70399.0,Carrier,1
2007-09-17,74271.0,Carrier,1
2007-09-18,45763.0,Carrier,1
2007-09-19,45546.0,Carrier,1
2007-09-20,55553.0,Carrier,1
2007-09-21,76677.0,LateAircraft,4
2007-09-22,45368.0,Carrier,1
2007-09-23,62765.0,Carrier,1
2007-09-24,56722.0,Carrier,1
2007-09-25,110815.0,NAS,2
2007-09-26,53969.0,NAS,2
2007-09-27,119035.0,NAS,2
2007-09-28,69509.0,Carrier,1
2007-09-29,39097.0,Carrier,1
2007-09-30,61376.0,Carrier,1
2007-10-01,57342.0,Carrier,1
2007-10-02,60324.0,LateAircraft,4
2007-10-03,45988.0,NAS,2
2007-10-04,63562.0,Carrier,1
2007-10-05,99443.0,LateAircraft,4
2007-10-06,41353.0,Carrier,1
2007-10-07,64552.0,Carrier,1
2007-10-08,98100.0,LateAircraft,4
2007-10-09,142930.0,NAS,2
2007-10-10,66763.0,NAS,2
2007-10-11,117916.0,NAS,2
2007-10-12,89323.0,LateAircraft,4
2007-10-13,39626.0,Carrier,1
2007-10-14,77615.0,LateAircraft,4
2007-10-15,177342.0,LateAircraft,4
2007-10-16,57856.0,Carrier,1
2007-10-17,83051.0,LateAircraft,4
2007-10-18,140473.0,LateAircraft,4
2007-10-19,176821.0,NAS,2
2007-10-20,48719.0,Carrier,1
2007-10-21,89963.0,LateAircraft,4
2007-10-22,125199.0,LateAircraft,4
2007-10-23,86080.0,NAS,2
2007-10-24,120482.0,NAS,2
2007-10-25,89095.0,NAS,2
2007-10-26,116624.0,LateAircraft,4
2007-10-27,45785.0,Carrier,1
2007-10-28,66384.0,Carrier,1
2007-10-29,53308.0,Carrier,1
2007-10-30,33095.0,Carrier,1
2007-10-31,36175.0,Carrier,1
2007-11-01,43271.0,Carrier,1
2007-11-02,49638.0,Carrier,1
2007-11-03,31513.0,Carrier,1
2007-11-04,49656.0,Carrier,1
2007-11-05,56892.0,LateAircraft,4
2007-11-06,61971.0,NAS,2
2007-11-07,46047.0,Carrier,1
2007-11-08,59534.0,Carrier,1
2007-11-09,83571.0,LateAircraft,4
2007-11-10,38108.0,Carrier,1
2007-11-11,58999.0,Carrier,1
2007-11-12,59738.0,Carrier,1
2007-11-13,43524.0,Carrier,1
2007-11-14,93867.0,NAS,2
2007-11-15,102273.0,NAS,2
2007-11-16,94067.0,LateAircraft,4
2007-11-17,46167.0,Carrier,1
2007-11-18,83407.0,LateAircraft,4
2007-11-19,200727.0,LateAircraft,4
2007-11-20,128165.0,LateAircraft,4
2007-11-21,114503.0,LateAircraft,4
2007-11-22,36569.0,Carrier,1
2007-11-23,34055.0,Carrier,1
2007-11-24,55891.0,Carrier,1
2007-11-25,113215.0,LateAircraft,4
2007-11-26,177288.0,LateAircraft,4
2007-11-27,67432.0,LateAircraft,4
2007-11-28,47527.0,Carrier,1
2007-11-29,62449.0,NAS,2
2007-11-30,136000.0,LateAircraft,4
2007-12-01,68921.0,NAS,2
2007-12-02,153241.0,LateAircraft,4
2007-12-03,95750.0,LateAircraft,4
2007-12-04,96080.0,NAS,2
2007-12-05,172036.0,LateAircraft,4
2007-12-06,96179.0,NAS,2
2007-12-07,131321.0,LateAircraft,4
2007-12-08,56119.0,Carrier,1
2007-12-09,131638.0,LateAircraft,4
2007-12-10,135515.0,LateAircraft,4
2007-12-11,104250.0,NAS,2
2007-12-12,75509.0,LateAircraft,4
2007-12-13,93075.0,LateAircraft,4
2007-12-14,140800.0,LateAircraft,4
2007-12-15,142579.0,LateAircraft,4
2007-12-16,161734.0,LateAircraft,4
2007-12-17,110299.0,LateAircraft,4
2007-12-18,82580.0,LateAircraft,4
2007-12-19,100824.0,LateAircraft,4
2007-12-20,166931.0,LateAircraft,4
2007-12-21,276835.0,LateAircraft,4
2007-12-22,235156.0,LateAircraft,4
2007-12-23,282124.0,LateAircraft,4
2007-12-24,104539.0,Carrier,1
2007-12-25,72033.0,LateAircraft,4
2007-12-26,202979.0,LateAircraft,4
2007-12-27,238735.0,LateAircraft,4
2007-12-28,312713.0,LateAircraft,4
2007-12-29,111003.0,Carrier,1
2007-12-30,124154.0,Carrier,1
2007-12-31,92764.0,LateAircraft,4
2008-01-01,162796.0,LateAircraft,4
2008-01-02,194325.0,LateAircraft,4
2008-01-03,128418.0,LateAircraft,4
2008-01-04,125491.0,LateAircraft,4
2008-01-05,145865.0,LateAircraft,4
2008-01-06,139587.0,LateAircraft,4
2008-01-07,105537.0,LateAircraft,4
2008-01-08,90546.0,LateAircraft,4
2008-01-09,46980.0,Carrier,1
2008-01-10,74386.0,LateAircraft,4
2008-01-11,86748.0,LateAircraft,4
2008-01-12,31213.0,Carrier,1
2008-01-13,56460.0,LateAircraft,4
2008-01-14,51403.0,NAS,2
2008-01-15,47208.0,Carrier,1
2008-01-16,51631.0,NAS,2
2008-01-17,156860.0,LateAircraft,4
2008-01-18,97383.0,LateAircraft,4
2008-01-19,61443.0,Carrier,1
2008-01-20,68058.0,Carrier,1
2008-01-21,182620.0,LateAircraft,4
2008-01-22,146572.0,NAS,2
2008-01-23,104005.0,NAS,2
2008-01-24,72939.0,LateAircraft,4
2008-01-25,104259.0,LateAircraft,4
2008-01-26,50044.0,LateAircraft,4
2008-01-27,187520.0,LateAircraft,4
2008-01-28,103185.0,LateAircraft,4
2008-01-29,112532.0,NAS,2
2008-01-30,58678.0,LateAircraft,4
2008-01-31,208934.0,LateAircraft,4
2008-02-01,212901.0,LateAircraft,4
2008-02-02,59682.0,Carrier,1
2008-02-03,143478.0,LateAircraft,4
2008-02-04,166231.0,LateAircraft,4
2008-02-05,128486.0,LateAircraft,4
2008-02-06,109994.0,NAS,2
2008-02-07,85643.0,LateAircraft,4
2008-02-08,103681.0,LateAircraft,4
2008-02-09,45108.0,Carrier,1
2008-02-10,101363.0,LateAircraft,4
2008-02-11,100194.0,LateAircraft,4
2008-02-12,205851.0,NAS,2
2008-02-13,182697.0,LateAircraft,4
2008-02-14,114997.0,LateAircraft,4
2008-02-15,106380.0,LateAircraft,4
2008-02-16,74437.0,LateAircraft,4
2008-02-17,149038.0,LateAircraft,4
2008-02-18,186957.0,LateAircraft,4
2008-02-19,92934.0,LateAircraft,4
2008-02-20,83433.0,LateAircraft,4
2008-02-21,139358.0,LateAircraft,4
2008-02-22,241816.0,LateAircraft,4
2008-02-23,91930.0,LateAircraft,4
2008-02-24,104378.0,LateAircraft,4
2008-02-25,112152.0,LateAircraft,4
2008-02-26,183325.0,LateAircraft,4
2008-02-27,59450.0,Carrier,1
2008-02-28,59850.0,Carrier,1
2008-02-29,110873.0,LateAircraft,4
2008-03-01,57036.0,Carrier,1
2008-03-02,89332.0,LateAircraft,4
2008-03-03,127356.0,LateAircraft,4
2008-03-04,129779.0,NAS,2
2008-03-05,94109.0,LateAircraft,4
2008-03-06,83660.0,LateAircraft,4
2008-03-07,195106.0,LateAircraft,4
2008-03-08,194236.0,LateAircraft,4
2008-03-09,126873.0,LateAircraft,4
2008-03-10,100867.0,LateAircraft,4
2008-03-11,62999.0,LateAircraft,4
2008-03-12,70785.0,LateAircraft,4
2008-03-13,59089.0,Carrier,1
2008-03-14,90550.0,LateAircraft,4
2008-03-15,136667.0,LateAircraft,4
2008-03-16,93870.0,LateAircraft,4
2008-03-17,76914.0,LateAircraft,4
2008-03-18,145641.0,LateAircraft,4
2008-03-19,206412.0,LateAircraft,4
2008-03-20,129372.0,LateAircraft,4
2008-03-21,133538.0,LateAircraft,4
2008-03-22,80118.0,Carrier,1
2008-03-23,65695.0,Carrier,1
2008-03-24,58599.0,Carrier,1
2008-03-25,104016.0,LateAircraft,4
2008-03-26,50924.0,Carrier,1
2008-03-27,109909.0,LateAircraft,4
2008-03-28,119171.0,LateAircraft,4
2008-03-29,64701.0,Carrier,1
2008-03-30,146773.0,LateAircraft,4
2008-03-31,221180.0,LateAircraft,4
2008-04-01,140208.0,NAS,2
2008-04-02,57966.0,Carrier,1
2008-04-03,93101.0,LateAircraft,4
2008-04-04,244554.0,LateAircraft,4
2008-04-05,84497.0,Carrier,1
2008-04-06,115251.0,LateAircraft,4
2008-04-07,59220.0,LateAircraft,4
2008-04-08,59349.0,NAS,2
2008-04-09,73845.0,LateAircraft,4
2008-04-10,180022.0,LateAircraft,4
2008-04-11,141700.0,LateAircraft,4
2008-04-12,64135.0,Carrier,1
2008-04-13,70347.0,Carrier,1
2008-04-14,52356.0,Carrier,1
2008-04-15,36851.0,Carrier,1
2008-04-16,49533.0,NAS,2
2008-04-17,47127.0,LateAircraft,4
2008-04-18,62746.0,Carrier,1
2008-04-19,51160.0,Carrier,1
2008-04-20,83915.0,LateAircraft,4
2008-04-21,51031.0,Carrier,1
2008-04-22,34856.0,Carrier,1
2008-04-23,50845.0,Carrier,1
2008-04-24,54738.0,Carrier,1
2008-04-25,131672.0,LateAircraft,4
2008-04-26,65834.0,Carrier,1
2008-04-27,68256.0,Carrier,1
2008-04-28,154307.0,NAS,2
2008-04-29,44646.0,LateAircraft,4
2008-04-30,43133.0,Carrier,1
2008-05-01,64296.0,LateAircraft,4
2008-05-02,245386.0,LateAircraft,4
2008-05-03,62562.0,Carrier,1
2008-05-04,50364.0,Carrier,1
2008-05-05,64107.0,LateAircraft,4
2008-05-06,48987.0,LateAircraft,4
2008-05-07,88275.0,LateAircraft,4
2008-05-08,51441.0,LateAircraft,4
2008-05-09,96302.0,NAS,2
2008-05-10,40101.0,Carrier,1
2008-05-11,83102.0,LateAircraft,4
2008-05-12,101255.0,LateAircraft,4
2008-05-13,58151.0,NAS,2
2008-05-14,79060.0,LateAircraft,4
2008-05-15,62268.0,Carrier,1
2008-05-16,114311.0,LateAircraft,4
2008-05-17,41422.0,Carrier,1
2008-05-18,62349.0,LateAircraft,4
2008-05-19,59061.0,Carrier,1
2008-05-20,101739.0,NAS,2
2008-05-21,53756.0,Carrier,1
2008-05-22,129741.0,LateAircraft,4
2008-05-23,92973.0,LateAircraft,4
2008-05-24,40457.0,Carrier,1
2008-05-25,29805.0,Carrier,1
2008-05-26,47036.0,Carrier,1
2008-05-27,135377.0,LateAircraft,4
2008-05-28,53958.0,Carrier,1
2008-05-29,40538.0,NAS,2
2008-05-30,105699.0,NAS,2
2008-05-31,99438.0,NAS,2
2008-06-01,66697.0,Carrier,1
2008-06-02,52463.0,Carrier,1
2008-06-03,133440.0,NAS,2
2008-06-04,186761.0,NAS,2
2008-06-05,138828.0,LateAircraft,4
2008-06-06,140608.0,LateAircraft,4
2008-06-07,81529.0,Carrier,1
2008-06-08,163011.0,NAS,2
2008-06-09,146816.0,LateAircraft,4
2008-06-10,128473.0,NAS,2
2008-06-11,109641.0,NAS,2
2008-06-12,93124.0,LateAircraft,4
2008-06-13,154306.0,LateAircraft,4
2008-06-14,99030.0,NAS,2
2008-06-15,160161.0,LateAircraft,4
2008-06-16,165095.0,LateAircraft,4
2008-06-17,103054.0,LateAircraft,4
2008-06-18,93668.0,NAS,2
2008-06-19,163997.0,LateAircraft,4
2008-06-20,89152.0,LateAircraft,4
2008-06-21,90141.0,LateAircraft,4
2008-06-22,175275.0,LateAircraft,4
2008-06-23,143869.0,LateAircraft,4
2008-06-24,91155.0,LateAircraft,4
2008-06-25,103163.0,LateAircraft,4
2008-06-26,174690.0,LateAircraft,4
2008-06-27,148251.0,LateAircraft,4
2008-06-28,92669.0,LateAircraft,4
2008-06-29,163452.0,LateAircraft,4
2008-06-30,79358.0,Carrier,1
2008-07-01,55854.0,Carrier,1
2008-07-02,91991.0,LateAircraft,4
2008-07-03,64570.0,Carrier,1
2008-07-04,36768.0,Carrier,1
2008-07-05,46786.0,Carrier,1
2008-07-06,152156.0,LateAircraft,4
2008-07-07,158024.0,LateAircraft,4
2008-07-08,163240.0,LateAircraft,4
2008-07-09,125721.0,NAS,2
2008-07-10,148372.0,LateAircraft,4
2008-07-11,83143.0,Carrier,1
2008-07-12,74988.0,LateAircraft,4
2008-07-13,229581.0,NAS,2
2008-07-14,95713.0,Carrier,1
2008-07-15,66378.0,LateAircraft,4
2008-07-16,64645.0,Carrier,1
2008-07-17,68442.0,NAS,2
2008-07-18,90054.0,LateAircraft,4
2008-07-19,61435.0,LateAircraft,4
2008-07-20,120931.0,NAS,2
2008-07-21,81004.0,Carrier,1
2008-07-22,120719.0,NAS,2
2008-07-23,185981.0,NAS,2
2008-07-24,167129.0,LateAircraft,4
2008-07-25,93130.0,Carrier,1
2008-07-26,61778.0,Carrier,1
2008-07-27,179465.0,LateAircraft,4
2008-07-28,95633.0,Carrier,1
2008-07-29,77196.0,NAS,2
2008-07-30,81048.0,Carrier,1
2008-07-31,162349.0,LateAircraft,4
2008-08-01,100134.0,Carrier,1
2008-08-02,116405.0,LateAircraft,4
2008-08-03,92659.0,Carrier,1
2008-08-04,149461.0,LateAircraft,4
2008-08-05,103403.0,LateAircraft,4
2008-08-06,70448.0,LateAircraft,4
2008-08-07,145066.0,NAS,2
2008-08-08,93758.0,Carrier,1
2008-08-09,62391.0,Carrier,1
2008-08-10,151353.0,LateAircraft,4
2008-08-11,150127.0,LateAircraft,4
2008-08-12,72754.0,Carrier,1
2008-08-13,71629.0,Carrier,1
2008-08-14,125192.0,NAS,2
2008-08-15,181520.0,LateAircraft,4
2008-08-16,82106.0,LateAircraft,4
2008-08-17,74294.0,Carrier,1
2008-08-18,61796.0,LateAircraft,4
2008-08-19,47471.0,Carrier,1
2008-08-20,94293.0,LateAircraft,4
2008-08-21,93772.0,LateAircraft,4
2008-08-22,65271.0,LateAircraft,4
2008-08-23,40902.0,Carrier,1
2008-08-24,53160.0,Carrier,1
2008-08-25,80856.0,NAS,2
2008-08-26,114729.0,NAS,2
2008-08-27,44810.0,Carrier,1
2008-08-28,56006.0,Carrier,1
2008-08-29,63949.0,LateAircraft,4
2008-08-30,31136.0,Carrier,1
2008-08-31,26856.0,Carrier,1
2008-09-01,37065.0,Carrier,1
2008-09-02,39738.0,Carrier,1
2008-09-03,28071.0,Carrier,1
2008-09-04,66138.0,NAS,2
2008-09-05,37072.0,Carrier,1
2008-09-06,35432.0,NAS,2
2008-09-07,53821.0,Carrier,1
2008-09-08,79340.0,NAS,2
2008-09-09,96301.0,NAS,2
2008-09-10,33013.0,Carrier,1
2008-09-11,43142.0,Carrier,1
2008-09-12,107222.0,NAS,2
2008-09-13,46157.0,NAS,2
2008-09-14,71899.0,LateAircraft,4
2008-09-15,72577.0,Carrier,1
2008-09-16,37719.0,Carrier,1
2008-09-17,35699.0,Carrier,1
2008-09-18,30565.0,Carrier,1
2008-09-19,36319.0,Carrier,1
2008-09-20,22097.0,Carrier,1
2008-09-21,48628.0,Carrier,1
2008-09-22,36516.0,Carrier,1
2008-09-23,26148.0,Carrier,1
2008-09-24,35855.0,Carrier,1
2008-09-25,58749.0,NAS,2
2008-09-26,91066.0,NAS,2
2008-09-27,27900.0,NAS,2
2008-09-28,53399.0,NAS,2
2008-09-29,40653.0,Carrier,1
2008-09-30,30007.0,Carrier,1
2008-10-01,30420.0,Carrier,1
2008-10-02,35862.0,Carrier,1
2008-10-03,34621.0,Carrier,1
2008-10-04,26078.0,Carrier,1
2008-10-05,42181.0,Carrier,1
2008-10-06,30164.0,Carrier,1
2008-10-07,40147.0,NAS,2
2008-10-08,60271.0,LateAircraft,4
2008-10-09,42700.0,Carrier,1
2008-10-10,41897.0,Carrier,1
2008-10-11,26894.0,Carrier,1
2008-10-12,35749.0,LateAircraft,4
2008-10-13,34419.0,Carrier,1
2008-10-14,27185.0,Carrier,1
2008-10-15,72401.0,NAS,2
2008-10-16,55345.0,NAS,2
2008-10-17,47069.0,Carrier,1
2008-10-18,24388.0,Carrier,1
2008-10-19,38863.0,Carrier,1
2008-10-20,34968.0,Carrier,1
2008-10-21,26462.0,NAS,2
2008-10-22,51177.0,NAS,2
2008-10-23,41745.0,Carrier,1
2008-10-24,131252.0,LateAircraft,4
2008-10-25,54359.0,NAS,2
2008-10-26,52680.0,LateAircraft,4
2008-10-27,65732.0,LateAircraft,4
2008-10-28,75243.0,NAS,2
2008-10-29,29091.0,Carrier,1
2008-10-30,34495.0,Carrier,1
2008-10-31,30228.0,Carrier,1
2008-11-01,28875.0,Carrier,1
2008-11-02,65193.0,LateAircraft,4
2008-11-03,39995.0,LateAircraft,4
2008-11-04,25314.0,NAS,2
2008-11-05,44944.0,NAS,2
2008-11-06,99488.0,NAS,2
2008-11-07,66188.0,NAS,2
2008-11-08,31050.0,NAS,2
2008-11-09,65708.0,LateAircraft,4
2008-11-10,34518.0,Carrier,1
2008-11-11,62052.0,NAS,2
2008-11-12,61077.0,NAS,2
2008-11-13,108806.0,NAS,2
2008-11-14,148522.0,NAS,2
2008-11-15,52007.0,NAS,2
2008-11-16,43092.0,Carrier,1
2008-11-17,33545.0,Carrier,1
2008-11-18,30024.0,Carrier,1
2008-11-19,29991.0,LateAircraft,4
2008-11-20,45551.0,LateAircraft,4
2008-11-21,61868.0,LateAircraft,4
2008-11-22,39856.0,LateAircraft,4
2008-11-23,29194.0,Carrier,1
2008-11-24,34884.0,Carrier,1
2008-11-25,34458.0,Carrier,1
2008-11-26,32194.0,LateAircraft,4
2008-11-27,16360.0,Carrier,1
2008-11-28,19789.0,Carrier,1
2008-11-29,59368.0,LateAircraft,4
2008-11-30,324073.0,LateAircraft,4
2008-12-01,316675.0,LateAircraft,4
2008-12-02,50514.0,Carrier,1
2008-12-03,42744.0,NAS,2
2008-12-04,58741.0,LateAircraft,4
2008-12-05,39912.0,Carrier,1
2008-12-06,32920.0,NAS,2
2008-12-07,63698.0,NAS,2
2008-12-08,46396.0,NAS,2
2008-12-09,105888.0,NAS,2
2008-12-10,139799.0,NAS,2
2008-12-11,101875.0,NAS,2
2008-12-12,62260.0,LateAircraft,4
2008-12-13,34221.0,LateAircraft,4
2008-12-14,84451.0,NAS,2
2008-12-15,148133.0,NAS,2
2008-12-16,171124.0,NAS,2
2008-12-17,180937.0,LateAircraft,4
2008-12-18,216963.0,LateAircraft,4
2008-12-19,313951.0,LateAircraft,4
2008-12-20,223080.0,LateAircraft,4
2008-12-21,284751.0,LateAircraft,4
2008-12-22,242587.0,LateAircraft,4
2008-12-23,310280.0,LateAircraft,4
2008-12-24,222574.0,LateAircraft,4
2008-12-25,70624.0,LateAircraft,4
2008-12-26,269209.0,LateAircraft,4
2008-12-27,262837.0,LateAircraft,4
2008-12-28,106602.0,LateAircraft,4
2008-12-29,59673.0,Carrier,1
2008-12-30,80162.0,LateAircraft,4
2008-12-31,83589.0,LateAircraft,4
